build_failed,NC,src_churn,test_churn,ConfigF,FilesA,FilesD,FilesM,srcF,docF,otherF,NUC,elapsed_days,same_committer,proj_fail_rate_history,proj_fail_rate_recent,comm_fail_rate_history,comm_fail_rate_recent,NDEV,prev_build_result,day_week,classif_build,TFC,BMsg,maintC,fixC,buildF,mergeC,NS,ND,EXP,entropy,Assertion Roulette,Conditional Test Logic,Constructor Initialization,CyclomaticComplexity,DataClass,DeadCode,Duplicate Assert,DuplicatedCode,Eager Test,EmptyTest,Exception Catching Throwing,ExcessiveParameterList,General Fixture,GodClass,IgnoredTest,Lazy Test,LooseCoupling,Magic Number Test,Mystery Guest,NPathComplexity,Print Statement,Redundant Assertion,Resource Optimism,Sensitive Equality,Sleepy Test,TooManyFields,TooManyMethods,Unknown Test
1,1.0,0.0,0.0,0.0,0.0,0.0,1.0,0.0,0.0,1.0,1.0,25.0,0.0,0.248427673,0.006289308,0.19858156,0.6,1.0,0.0,5.0,2.0,1.0,3.30623177,0.0,1.0,0.0,0.0,1.0,1.0,141.0,0.0,500.0,483.0,490.0,290.0,54.0,342.0,491.0,393.0,221.0,494.0,500.0,103.0,464.0,52.0,457.0,220.0,9.0,498.0,310.0,153.0,305.0,495.0,310.0,499.0,344.0,37.0,64.0,493.0
1,1.0,0.0,0.0,0.0,0.0,0.0,0.0,0.0,0.0,0.0,0.0,0.0,0.0,0.250783699,0.006269592,0.272727273,0.0,1.0,1.0,5.0,3.0,0.0,2.450622495,0.0,0.0,0.0,1.0,0.0,0.0,165.0,0.0,499.0,427.0,500.0,290.0,54.0,342.0,488.0,393.0,220.0,495.0,499.0,103.0,416.0,52.0,481.0,218.0,9.0,497.0,295.0,154.0,114.0,499.0,427.0,494.0,356.0,37.0,64.0,402.0
1,1.0,1.0,0.0,0.0,0.0,0.0,1.0,1.0,0.0,0.0,1.0,0.0,1.0,0.253125,0.00625,0.277108434,0.0,1.0,1.0,5.0,7.0,1.0,3.03134046,0.0,0.0,0.0,0.0,1.0,1.0,166.0,0.0,500.0,492.0,499.0,290.0,54.0,342.0,488.0,393.0,220.0,447.0,501.0,103.0,488.0,52.0,501.0,219.0,9.0,491.0,290.0,154.0,223.0,500.0,290.0,484.0,290.0,37.0,64.0,447.0
1,1.0,5.0,0.0,0.0,0.0,0.0,1.0,1.0,0.0,0.0,1.0,0.0,1.0,0.255451713,0.00623053,0.281437126,0.0,1.0,1.0,5.0,7.0,1.0,3.327766383,0.0,0.0,0.0,0.0,1.0,1.0,167.0,0.0,498.0,501.0,499.0,290.0,54.0,342.0,494.0,393.0,220.0,476.0,501.0,103.0,438.0,52.0,467.0,216.0,9.0,498.0,373.0,154.0,452.0,471.0,483.0,475.0,487.0,37.0,64.0,476.0
1,1.0,18.0,0.0,0.0,0.0,0.0,1.0,1.0,0.0,0.0,1.0,0.0,1.0,0.257763975,0.00621118,0.285714286,0.0,1.0,1.0,5.0,7.0,1.0,2.798566562,0.0,0.0,0.0,0.0,1.0,1.0,168.0,0.0,501.0,483.0,499.0,290.0,54.0,342.0,500.0,393.0,221.0,458.0,501.0,103.0,350.0,52.0,477.0,221.0,9.0,500.0,140.0,154.0,477.0,479.0,474.0,495.0,352.0,37.0,64.0,210.0
1,1.0,2.0,0.0,0.0,0.0,0.0,1.0,1.0,0.0,0.0,1.0,0.0,1.0,0.26006192,0.00619195,0.289940828,0.0,1.0,1.0,5.0,2.0,1.0,2.810359445,0.0,1.0,0.0,0.0,1.0,1.0,169.0,0.0,501.0,493.0,494.0,290.0,54.0,342.0,495.0,393.0,221.0,194.0,501.0,103.0,499.0,52.0,484.0,221.0,9.0,500.0,55.0,154.0,477.0,496.0,115.0,501.0,297.0,37.0,64.0,156.0
1,1.0,7.0,0.0,0.0,0.0,0.0,1.0,1.0,0.0,0.0,1.0,0.0,1.0,0.262345679,0.00617284,0.294117647,0.0,1.0,1.0,5.0,4.0,1.0,3.512814377,0.0,0.0,0.0,0.0,1.0,1.0,170.0,0.0,499.0,495.0,500.0,290.0,54.0,342.0,480.0,393.0,220.0,484.0,501.0,103.0,499.0,52.0,501.0,220.0,9.0,499.0,363.0,154.0,478.0,491.0,464.0,497.0,405.0,37.0,64.0,484.0
0,1.0,0.0,0.0,0.0,0.0,0.0,1.0,0.0,0.0,1.0,1.0,0.0,0.0,0.264615385,0.006153846,0.204225352,0.6,1.0,1.0,5.0,2.0,1.0,5.343782019,0.0,1.0,0.0,0.0,1.0,1.0,142.0,0.0,500.0,499.0,497.0,290.0,54.0,342.0,486.0,393.0,221.0,482.0,500.0,103.0,424.0,52.0,459.0,221.0,9.0,500.0,261.0,154.0,459.0,473.0,410.0,500.0,383.0,37.0,64.0,482.0
0,1.0,0.0,0.0,0.0,0.0,0.0,31.0,0.0,0.0,31.0,4.0,0.0,1.0,0.263803681,0.006134969,0.202797203,0.6,1.0,0.0,5.0,7.0,1.0,2.813562751,0.0,0.0,0.0,0.0,18.0,31.0,143.0,4.954196,501.0,500.0,499.0,290.0,54.0,342.0,500.0,393.0,221.0,377.0,501.0,103.0,500.0,52.0,475.0,216.0,9.0,501.0,373.0,154.0,312.0,492.0,373.0,492.0,373.0,37.0,64.0,318.0
0,1.0,0.0,0.0,0.0,0.0,0.0,31.0,0.0,0.0,31.0,1.0,0.0,1.0,0.262996942,0.006116208,0.201388889,0.6,1.0,0.0,5.0,7.0,1.0,2.967937113,0.0,0.0,0.0,0.0,18.0,31.0,144.0,4.954196,501.0,485.0,499.0,290.0,54.0,342.0,490.0,393.0,221.0,437.0,501.0,103.0,417.0,52.0,476.0,217.0,9.0,490.0,1.0,154.0,322.0,493.0,485.0,490.0,391.0,37.0,64.0,412.0
0,1.0,280.0,0.0,0.0,0.0,0.0,5.0,5.0,0.0,0.0,1.0,0.0,0.0,0.262195122,0.006097561,0.298245614,0.0,1.0,0.0,6.0,2.0,1.0,3.595391841,0.0,1.0,0.0,0.0,1.0,1.0,171.0,0.718999,500.0,500.0,501.0,291.0,54.0,342.0,492.0,392.0,221.0,376.0,500.0,103.0,431.0,52.0,441.0,216.0,9.0,500.0,164.0,154.0,406.0,488.0,177.0,467.0,392.0,37.0,65.0,392.0
0,1.0,0.0,0.0,0.0,0.0,0.0,0.0,0.0,0.0,0.0,0.0,0.0,1.0,0.261398176,0.006079027,0.296511628,0.0,1.0,0.0,6.0,3.0,0.0,2.450175018,0.0,0.0,0.0,1.0,0.0,0.0,172.0,0.0,501.0,501.0,499.0,290.0,54.0,342.0,501.0,390.0,221.0,454.0,501.0,103.0,500.0,52.0,487.0,215.0,9.0,501.0,423.0,154.0,243.0,495.0,423.0,473.0,423.0,37.0,65.0,454.0
0,1.0,6.0,4.0,0.0,0.0,0.0,3.0,2.0,0.0,0.0,3.0,0.0,1.0,0.260606061,0.006060606,0.294797688,0.0,1.0,0.0,6.0,2.0,1.0,3.125077743,0.0,1.0,0.0,0.0,1.0,3.0,173.0,1.5219281,500.0,498.0,501.0,291.0,54.0,342.0,500.0,391.0,221.0,492.0,499.0,103.0,491.0,52.0,464.0,216.0,9.0,500.0,498.0,154.0,312.0,499.0,498.0,493.0,498.0,37.0,65.0,492.0
1,1.0,43.0,121.0,0.0,0.0,0.0,2.0,1.0,0.0,0.0,2.0,0.0,1.0,0.259818731,0.006042296,0.293103448,0.0,1.0,0.0,6.0,2.0,1.0,2.777685117,0.0,1.0,0.0,0.0,1.0,2.0,174.0,0.83004075,501.0,475.0,500.0,290.0,54.0,342.0,487.0,391.0,221.0,500.0,501.0,104.0,482.0,52.0,429.0,219.0,9.0,497.0,256.0,154.0,460.0,468.0,466.0,493.0,268.0,37.0,65.0,500.0
0,1.0,4.0,0.0,0.0,0.0,0.0,1.0,1.0,0.0,0.0,1.0,1.0,0.0,0.314248536,0.001301236,0.647482014,1.0,1.0,1.0,5.0,7.0,1.0,4.019125931,0.0,0.0,0.0,0.0,1.0,1.0,278.0,0.0,470.0,463.0,462.0,279.0,71.0,452.0,463.0,397.0,146.0,362.0,470.0,156.0,437.0,63.0,397.0,146.0,12.0,463.0,131.0,131.0,391.0,434.0,131.0,457.0,448.0,27.0,79.0,362.0
1,1.0,0.0,4.0,0.0,0.0,0.0,1.0,0.0,0.0,0.0,1.0,0.0,0.0,0.314044213,0.00130039,0.31042654,0.2,1.0,0.0,5.0,1.0,1.0,3.481621922,0.0,0.0,0.0,0.0,1.0,1.0,422.0,0.0,464.0,436.0,465.0,278.0,71.0,452.0,454.0,397.0,148.0,407.0,464.0,155.0,464.0,64.0,431.0,148.0,12.0,464.0,26.0,129.0,395.0,459.0,26.0,432.0,436.0,27.0,77.0,407.0
0,1.0,2.0,0.0,0.0,0.0,0.0,1.0,1.0,0.0,0.0,1.0,0.0,0.0,0.314489929,0.001299545,0.64516129,1.0,1.0,1.0,5.0,1.0,1.0,4.512550381,0.0,0.0,0.0,0.0,1.0,1.0,279.0,0.0,470.0,467.0,468.0,279.0,71.0,452.0,469.0,397.0,148.0,277.0,470.0,156.0,458.0,63.0,407.0,148.0,12.0,470.0,72.0,131.0,408.0,456.0,72.0,470.0,402.0,27.0,79.0,277.0
1,1.0,31.0,0.0,0.0,0.0,0.0,1.0,1.0,0.0,0.0,1.0,0.0,0.0,0.314285714,0.001298701,0.312056738,0.2,1.0,0.0,5.0,7.0,1.0,3.55620988,0.0,0.0,0.0,0.0,1.0,1.0,423.0,0.0,465.0,441.0,464.0,278.0,71.0,452.0,465.0,397.0,148.0,72.0,465.0,155.0,437.0,64.0,462.0,146.0,12.0,465.0,381.0,129.0,461.0,384.0,381.0,453.0,366.0,27.0,77.0,72.0
1,1.0,4.0,50.0,0.0,0.0,0.0,3.0,2.0,0.0,0.0,1.0,0.0,1.0,0.314730694,0.001297859,0.313679245,0.2,1.0,1.0,5.0,1.0,1.0,3.305940973,0.0,0.0,0.0,0.0,1.0,3.0,424.0,0.45502067,465.0,460.0,463.0,278.0,71.0,452.0,457.0,397.0,148.0,350.0,465.0,155.0,433.0,64.0,433.0,147.0,12.0,465.0,172.0,129.0,458.0,455.0,172.0,465.0,447.0,27.0,77.0,350.0
1,1.0,0.0,40.0,0.0,0.0,0.0,2.0,0.0,0.0,1.0,2.0,0.0,1.0,0.315175097,0.001297017,0.315294118,0.2,1.0,1.0,5.0,1.0,2.0,2.803378236,0.0,0.0,0.0,0.0,2.0,2.0,425.0,0.99952567,463.0,462.0,465.0,278.0,71.0,452.0,461.0,397.0,148.0,357.0,463.0,155.0,449.0,64.0,458.0,148.0,12.0,463.0,461.0,129.0,355.0,454.0,461.0,461.0,376.0,27.0,77.0,357.0
1,1.0,0.0,0.0,0.0,0.0,0.0,0.0,0.0,0.0,0.0,0.0,0.0,1.0,0.315618924,0.001296176,0.316901408,0.2,1.0,1.0,5.0,3.0,0.0,2.737309799,1.0,0.0,0.0,1.0,0.0,0.0,426.0,0.0,469.0,468.0,473.0,269.0,72.0,428.0,468.0,398.0,147.0,121.0,472.0,157.0,472.0,67.0,463.0,145.0,13.0,468.0,50.0,134.0,248.0,424.0,50.0,415.0,465.0,29.0,79.0,121.0
1,1.0,11.0,0.0,0.0,0.0,0.0,1.0,1.0,0.0,0.0,1.0,0.0,1.0,0.316062176,0.001295337,0.318501171,0.2,1.0,1.0,5.0,2.0,1.0,3.626204502,0.0,1.0,0.0,0.0,1.0,1.0,427.0,0.0,473.0,472.0,470.0,269.0,72.0,429.0,468.0,398.0,150.0,93.0,473.0,157.0,472.0,67.0,468.0,149.0,13.0,472.0,272.0,134.0,171.0,446.0,272.0,436.0,373.0,29.0,79.0,93.0
0,1.0,105.0,183.0,0.0,0.0,0.0,3.0,1.0,0.0,1.0,3.0,0.0,0.0,0.316504854,0.001294498,0.642857143,1.0,1.0,1.0,5.0,1.0,2.0,7.982917529,0.0,0.0,0.0,0.0,1.0,3.0,280.0,1.0708336,468.0,468.0,463.0,279.0,71.0,452.0,467.0,397.0,148.0,227.0,468.0,156.0,456.0,63.0,456.0,147.0,12.0,467.0,391.0,131.0,340.0,459.0,391.0,465.0,429.0,27.0,79.0,227.0
0,2.0,9.0,0.0,0.0,0.0,0.0,1.0,1.0,0.0,0.0,1.0,1.0,1.0,0.251445087,0.005780347,0.279569892,0.0,1.0,0.0,5.0,0.0,1.0,3.102330512,0.0,0.0,0.0,1.0,1.0,1.0,186.0,0.0,503.0,502.0,498.0,292.0,54.0,367.0,503.0,392.0,221.0,383.0,503.0,105.0,502.0,53.0,389.0,220.0,9.0,503.0,308.0,155.0,7.0,492.0,308.0,501.0,477.0,38.0,64.0,346.0
0,1.0,0.0,0.0,0.0,0.0,0.0,1.0,0.0,0.0,1.0,1.0,0.0,1.0,0.250720461,0.005763689,0.278074866,0.0,1.0,0.0,5.0,2.0,1.0,3.508668569,0.0,1.0,0.0,0.0,1.0,1.0,187.0,0.0,502.0,497.0,501.0,292.0,54.0,367.0,500.0,392.0,223.0,460.0,503.0,105.0,472.0,53.0,473.0,223.0,9.0,500.0,270.0,155.0,227.0,502.0,302.0,500.0,383.0,38.0,64.0,460.0
0,1.0,8.0,0.0,0.0,0.0,0.0,1.0,1.0,0.0,0.0,1.0,0.0,1.0,0.25,0.005747126,0.276595745,0.0,1.0,0.0,5.0,2.0,1.0,4.348950681,0.0,0.0,0.0,0.0,1.0,1.0,188.0,0.0,502.0,502.0,503.0,292.0,54.0,367.0,502.0,392.0,223.0,355.0,502.0,105.0,490.0,53.0,485.0,217.0,9.0,502.0,271.0,155.0,5.0,498.0,340.0,473.0,477.0,38.0,64.0,339.0
1,1.0,0.0,0.0,0.0,0.0,0.0,0.0,0.0,0.0,0.0,0.0,0.0,0.0,0.249283668,0.005730659,0.195945946,0.6,1.0,0.0,5.0,3.0,0.0,2.447992603,0.0,0.0,0.0,1.0,0.0,0.0,148.0,0.0,502.0,502.0,496.0,292.0,54.0,367.0,495.0,392.0,223.0,432.0,503.0,105.0,426.0,53.0,422.0,223.0,9.0,499.0,21.0,155.0,12.0,491.0,76.0,479.0,403.0,38.0,64.0,432.0
0,1.0,0.0,0.0,0.0,0.0,0.0,31.0,0.0,0.0,31.0,1.0,0.0,0.0,0.251428571,0.005714286,0.275132275,0.0,1.0,1.0,5.0,7.0,1.0,2.808695849,0.0,0.0,0.0,0.0,18.0,31.0,189.0,4.954196,503.0,502.0,488.0,292.0,54.0,367.0,503.0,392.0,220.0,406.0,503.0,105.0,495.0,53.0,400.0,217.0,9.0,503.0,94.0,155.0,303.0,493.0,275.0,503.0,312.0,38.0,64.0,377.0
0,1.0,0.0,0.0,0.0,0.0,0.0,31.0,0.0,0.0,31.0,1.0,0.0,1.0,0.250712251,0.005698006,0.273684211,0.0,1.0,0.0,5.0,7.0,1.0,2.961935754,0.0,0.0,0.0,0.0,18.0,31.0,190.0,4.954196,503.0,502.0,500.0,292.0,54.0,367.0,491.0,392.0,223.0,471.0,503.0,105.0,470.0,53.0,432.0,222.0,9.0,502.0,261.0,155.0,137.0,474.0,437.0,493.0,372.0,38.0,64.0,372.0
0,4.0,406.0,213.0,0.0,2.0,0.0,24.0,15.0,0.0,0.0,7.0,1.0,1.0,0.195991091,0.002227171,0.961538462,1.0,1.0,0.0,5.0,0.0,1.0,6.367767186,0.0,2.0,0.0,0.0,5.0,13.0,26.0,3.5209527,421.0,394.0,419.0,251.0,56.0,409.0,415.0,347.0,140.0,303.0,421.0,132.0,403.0,54.0,409.0,140.0,11.0,420.0,0.0,110.0,413.0,417.0,0.0,417.0,418.0,24.0,74.0,303.0
0,1.0,8.0,0.0,0.0,0.0,0.0,2.0,2.0,0.0,0.0,1.0,0.0,0.0,0.195773081,0.002224694,0.109677419,0.2,1.0,0.0,6.0,7.0,1.0,2.892090225,0.0,0.0,0.0,0.0,1.0,1.0,155.0,1.0,418.0,418.0,420.0,248.0,56.0,413.0,414.0,343.0,139.0,360.0,418.0,132.0,329.0,54.0,371.0,139.0,11.0,418.0,0.0,108.0,313.0,408.0,0.0,409.0,402.0,24.0,74.0,360.0
1,1.0,12.0,0.0,0.0,0.0,0.0,1.0,1.0,0.0,0.0,1.0,1.0,1.0,0.249329759,0.00536193,0.274038462,0.0,1.0,0.0,5.0,2.0,1.0,3.30561018,0.0,1.0,0.0,0.0,1.0,1.0,208.0,0.0,504.0,503.0,502.0,291.0,54.0,350.0,503.0,399.0,224.0,450.0,504.0,105.0,474.0,52.0,409.0,222.0,9.0,503.0,141.0,155.0,277.0,497.0,141.0,467.0,322.0,38.0,64.0,450.0
0,2.0,43.0,595.0,0.0,3.0,0.0,3.0,2.0,0.0,0.0,3.0,0.0,0.0,0.251336898,0.005347594,0.196078431,0.6,1.0,1.0,5.0,0.0,1.0,4.100635829,0.0,1.0,0.0,1.0,2.0,3.0,153.0,1.5786031,503.0,503.0,501.0,293.0,54.0,369.0,496.0,404.0,223.0,465.0,503.0,106.0,492.0,54.0,461.0,223.0,9.0,503.0,430.0,156.0,485.0,491.0,503.0,482.0,450.0,38.0,64.0,465.0
1,1.0,0.0,20.0,0.0,0.0,0.0,1.0,0.0,0.0,0.0,1.0,0.0,1.0,0.250666667,0.005333333,0.194805195,0.6,1.0,0.0,5.0,2.0,1.0,5.560263163,0.0,1.0,0.0,0.0,1.0,1.0,154.0,0.0,508.0,503.0,501.0,293.0,54.0,376.0,508.0,420.0,224.0,477.0,508.0,106.0,503.0,54.0,488.0,223.0,9.0,508.0,410.0,156.0,337.0,483.0,410.0,508.0,435.0,38.0,64.0,477.0
0,1.0,0.0,204.0,0.0,1.0,0.0,2.0,0.0,0.0,0.0,2.0,0.0,0.0,0.252659574,0.005319149,0.277511962,0.0,1.0,1.0,6.0,2.0,1.0,4.256870775,0.0,1.0,0.0,0.0,2.0,2.0,209.0,1.0057074,506.0,495.0,509.0,293.0,54.0,375.0,500.0,420.0,225.0,297.0,508.0,106.0,485.0,54.0,500.0,225.0,9.0,505.0,15.0,156.0,148.0,506.0,115.0,498.0,374.0,38.0,64.0,374.0
0,3.0,36.0,297.0,0.0,0.0,1.0,7.0,2.0,0.0,0.0,3.0,0.0,1.0,0.25198939,0.00530504,0.276190476,0.0,1.0,0.0,6.0,0.0,1.0,5.342780562,0.0,2.0,0.0,0.0,2.0,4.0,210.0,2.4037158,507.0,494.0,506.0,293.0,54.0,373.0,503.0,420.0,224.0,500.0,507.0,106.0,499.0,54.0,504.0,223.0,9.0,507.0,452.0,156.0,337.0,505.0,452.0,496.0,452.0,38.0,64.0,500.0
0,3.0,2.0,11.0,0.0,0.0,0.0,5.0,1.0,0.0,0.0,3.0,0.0,1.0,0.251322751,0.005291005,0.274881517,0.0,1.0,0.0,6.0,0.0,1.0,4.607224114,0.0,2.0,0.0,0.0,2.0,2.0,211.0,2.1619782,507.0,497.0,501.0,293.0,54.0,366.0,498.0,426.0,225.0,440.0,508.0,106.0,488.0,54.0,475.0,222.0,9.0,507.0,497.0,156.0,468.0,485.0,497.0,507.0,497.0,38.0,64.0,482.0
0,2.0,0.0,244.0,0.0,0.0,0.0,1.0,0.0,0.0,0.0,1.0,0.0,1.0,0.250659631,0.005277045,0.273584906,0.0,1.0,0.0,6.0,0.0,1.0,4.618689819,0.0,0.0,0.0,1.0,1.0,1.0,212.0,0.0,507.0,496.0,506.0,291.0,54.0,348.0,491.0,419.0,224.0,469.0,507.0,105.0,402.0,52.0,393.0,222.0,9.0,507.0,444.0,155.0,418.0,499.0,444.0,471.0,473.0,38.0,64.0,473.0
0,1.0,0.0,108.0,0.0,0.0,0.0,1.0,0.0,0.0,0.0,1.0,0.0,1.0,0.25,0.005263158,0.272300469,0.0,1.0,0.0,6.0,1.0,1.0,3.101498753,0.0,0.0,0.0,0.0,1.0,1.0,213.0,0.0,505.0,453.0,504.0,291.0,54.0,348.0,498.0,430.0,222.0,501.0,506.0,105.0,483.0,52.0,506.0,221.0,9.0,498.0,368.0,155.0,141.0,505.0,368.0,502.0,368.0,38.0,64.0,501.0
0,2.0,10.0,2.0,0.0,0.0,0.0,2.0,1.0,0.0,0.0,2.0,0.0,1.0,0.249343832,0.005249344,0.271028037,0.0,1.0,0.0,6.0,0.0,1.0,3.792621207,0.0,1.0,0.0,0.0,2.0,2.0,214.0,0.65002245,502.0,502.0,507.0,291.0,54.0,348.0,488.0,430.0,224.0,482.0,502.0,105.0,494.0,52.0,472.0,223.0,9.0,497.0,356.0,155.0,11.0,492.0,356.0,497.0,356.0,38.0,64.0,343.0
0,2.0,10.0,2.0,0.0,0.0,0.0,2.0,1.0,0.0,0.0,2.0,0.0,1.0,0.248691099,0.005235602,0.269767442,0.0,1.0,0.0,6.0,0.0,1.0,3.741531001,0.0,1.0,0.0,0.0,2.0,2.0,215.0,0.65002245,507.0,503.0,497.0,291.0,54.0,348.0,499.0,430.0,224.0,419.0,507.0,105.0,375.0,52.0,484.0,224.0,9.0,506.0,153.0,155.0,256.0,503.0,153.0,503.0,310.0,38.0,64.0,360.0
0,1.0,0.0,0.0,0.0,0.0,0.0,31.0,0.0,0.0,31.0,1.0,0.0,1.0,0.248041775,0.005221932,0.268518519,0.0,1.0,0.0,6.0,7.0,1.0,2.961419393,0.0,0.0,0.0,0.0,18.0,31.0,216.0,4.954196,506.0,499.0,505.0,291.0,54.0,348.0,501.0,430.0,220.0,373.0,507.0,105.0,417.0,52.0,490.0,218.0,9.0,506.0,138.0,155.0,118.0,495.0,138.0,496.0,367.0,38.0,64.0,373.0
0,1.0,0.0,0.0,0.0,0.0,0.0,1.0,0.0,0.0,1.0,1.0,2.0,1.0,0.31511254,0.001286174,0.631578947,1.0,1.0,0.0,5.0,2.0,1.0,6.153916857,0.0,0.0,0.0,0.0,1.0,1.0,285.0,0.0,467.0,464.0,470.0,281.0,71.0,454.0,460.0,403.0,144.0,415.0,467.0,157.0,385.0,63.0,446.0,148.0,12.0,464.0,113.0,132.0,395.0,370.0,113.0,464.0,361.0,27.0,80.0,415.0
1,1.0,0.0,0.0,0.0,0.0,0.0,0.0,0.0,0.0,0.0,0.0,2.0,0.0,0.350581395,0.001162791,0.67877095,1.0,1.0,1.0,5.0,3.0,0.0,4.497241877,0.0,0.0,0.0,1.0,0.0,0.0,358.0,0.0,484.0,482.0,481.0,315.0,75.0,469.0,476.0,480.0,151.0,468.0,484.0,166.0,417.0,76.0,458.0,151.0,13.0,482.0,334.0,169.0,213.0,455.0,334.0,462.0,457.0,33.0,88.0,468.0
0,1.0,0.0,0.0,0.0,0.0,0.0,1.0,0.0,0.0,1.0,1.0,1.0,1.0,0.224857685,0.001897533,0.574712644,1.0,1.0,1.0,5.0,7.0,1.0,4.095556266,0.0,0.0,0.0,0.0,1.0,1.0,87.0,0.0,441.0,441.0,435.0,261.0,59.0,406.0,437.0,370.0,139.0,244.0,441.0,138.0,370.0,62.0,417.0,139.0,11.0,441.0,0.0,124.0,395.0,422.0,0.0,441.0,360.0,25.0,78.0,244.0
0,1.0,2.0,0.0,0.0,0.0,0.0,1.0,1.0,0.0,0.0,1.0,0.0,0.0,0.22464455,0.001895735,0.198113208,0.2,1.0,0.0,6.0,2.0,1.0,3.447081426,0.0,1.0,0.0,0.0,1.0,1.0,212.0,0.0,438.0,431.0,441.0,261.0,59.0,406.0,436.0,370.0,139.0,430.0,438.0,138.0,385.0,62.0,428.0,139.0,11.0,438.0,0.0,124.0,392.0,438.0,0.0,432.0,392.0,25.0,78.0,338.0
0,1.0,2.0,0.0,0.0,0.0,0.0,1.0,1.0,0.0,0.0,1.0,0.0,1.0,0.224431818,0.001893939,0.197183099,0.2,1.0,0.0,6.0,2.0,1.0,3.441268049,0.0,1.0,0.0,0.0,1.0,1.0,213.0,0.0,437.0,437.0,439.0,261.0,59.0,406.0,437.0,370.0,137.0,358.0,441.0,138.0,425.0,62.0,432.0,137.0,11.0,437.0,0.0,124.0,421.0,415.0,0.0,432.0,273.0,25.0,78.0,358.0
0,1.0,6.0,0.0,0.0,0.0,0.0,1.0,1.0,0.0,0.0,1.0,0.0,1.0,0.224219489,0.001892148,0.196261682,0.2,1.0,0.0,6.0,2.0,1.0,3.435513681,0.0,1.0,0.0,0.0,1.0,1.0,214.0,0.0,436.0,417.0,441.0,261.0,59.0,406.0,432.0,370.0,139.0,417.0,439.0,138.0,421.0,62.0,432.0,139.0,11.0,425.0,0.0,124.0,304.0,436.0,0.0,436.0,204.0,25.0,78.0,198.0
0,1.0,166.0,111.0,0.0,0.0,0.0,27.0,16.0,0.0,2.0,15.0,5.0,1.0,0.231638418,0.003766478,0.24137931,0.2,1.0,0.0,6.0,2.0,3.0,11.18212553,0.0,1.0,0.0,0.0,8.0,16.0,29.0,3.7849257,401.0,397.0,400.0,178.0,39.0,247.0,397.0,311.0,126.0,227.0,401.0,69.0,322.0,32.0,397.0,126.0,6.0,397.0,0.0,77.0,389.0,388.0,50.0,396.0,231.0,17.0,54.0,71.0
0,1.0,0.0,0.0,0.0,0.0,0.0,1.0,0.0,1.0,0.0,1.0,0.0,1.0,0.231203008,0.003759398,0.233333333,0.2,1.0,0.0,6.0,7.0,1.0,4.312369431,0.0,0.0,0.0,0.0,1.0,1.0,30.0,0.0,401.0,395.0,398.0,178.0,39.0,247.0,395.0,311.0,127.0,373.0,401.0,69.0,383.0,32.0,395.0,125.0,6.0,400.0,0.0,77.0,147.0,395.0,93.0,385.0,104.0,17.0,54.0,341.0
1,4.0,284.0,388.0,0.0,1.0,1.0,23.0,16.0,0.0,0.0,16.0,1.0,0.0,0.226605505,0.001834862,0.583333333,1.0,1.0,1.0,5.0,0.0,1.0,5.362085034,0.0,1.0,0.0,0.0,3.0,12.0,96.0,2.978752,441.0,415.0,438.0,257.0,58.0,416.0,435.0,347.0,140.0,188.0,441.0,144.0,437.0,61.0,423.0,140.0,11.0,437.0,0.0,122.0,361.0,432.0,0.0,417.0,279.0,26.0,75.0,188.0
1,1.0,110.0,27.0,0.0,0.0,0.0,7.0,3.0,0.0,0.0,2.0,0.0,1.0,0.22731439,0.001833181,0.587628866,1.0,1.0,1.0,6.0,2.0,1.0,4.897173199,0.0,1.0,0.0,0.0,1.0,4.0,97.0,1.5444162,440.0,433.0,435.0,257.0,58.0,419.0,429.0,346.0,136.0,407.0,440.0,145.0,429.0,61.0,414.0,136.0,11.0,433.0,0.0,122.0,423.0,417.0,0.0,431.0,342.0,27.0,74.0,164.0
1,1.0,0.0,0.0,0.0,0.0,0.0,19.0,0.0,0.0,19.0,2.0,0.0,0.0,0.228021978,0.001831502,0.041666667,0.0,1.0,1.0,6.0,7.0,1.0,2.693857387,0.0,0.0,0.0,0.0,17.0,19.0,24.0,4.2479277,439.0,417.0,438.0,257.0,58.0,419.0,428.0,346.0,139.0,295.0,439.0,145.0,417.0,61.0,421.0,138.0,11.0,428.0,0.0,122.0,388.0,439.0,0.0,397.0,237.0,27.0,74.0,295.0
0,1.0,0.0,4.0,0.0,0.0,0.0,2.0,0.0,0.0,1.0,2.0,2.0,1.0,0.229357798,0.003669725,0.190697674,0.6,1.0,1.0,6.0,2.0,2.0,3.859867002,0.0,1.0,0.0,0.0,2.0,2.0,215.0,0.91829586,409.0,407.0,398.0,186.0,41.0,364.0,407.0,299.0,134.0,361.0,409.0,72.0,403.0,32.0,380.0,132.0,10.0,403.0,0.0,81.0,122.0,400.0,341.0,400.0,401.0,17.0,56.0,141.0
0,1.0,0.0,0.0,1.0,1.0,0.0,1.0,0.0,0.0,1.0,1.0,0.0,1.0,0.228937729,0.003663004,0.189814815,0.6,1.0,0.0,6.0,2.0,2.0,5.566947016,0.0,0.0,0.0,0.0,1.0,1.0,216.0,0.99107605,407.0,397.0,409.0,186.0,41.0,364.0,407.0,299.0,134.0,397.0,407.0,72.0,350.0,32.0,387.0,134.0,10.0,407.0,0.0,81.0,391.0,376.0,105.0,401.0,281.0,17.0,56.0,348.0
0,1.0,0.0,0.0,0.0,0.0,0.0,29.0,0.0,0.0,29.0,3.0,0.0,1.0,0.228519196,0.003656307,0.188940092,0.6,1.0,0.0,6.0,7.0,1.0,2.762937946,0.0,0.0,0.0,0.0,18.0,29.0,217.0,4.8579803,408.0,401.0,409.0,186.0,41.0,364.0,407.0,299.0,134.0,369.0,408.0,72.0,372.0,32.0,399.0,133.0,10.0,407.0,0.0,81.0,336.0,392.0,174.0,407.0,173.0,17.0,56.0,240.0
0,1.0,0.0,0.0,0.0,0.0,0.0,29.0,0.0,0.0,29.0,1.0,0.0,1.0,0.22810219,0.003649635,0.188073394,0.6,1.0,0.0,6.0,7.0,1.0,2.906383198,0.0,0.0,0.0,0.0,18.0,29.0,218.0,4.7413645,409.0,394.0,407.0,186.0,41.0,364.0,394.0,299.0,133.0,264.0,409.0,72.0,394.0,32.0,338.0,131.0,10.0,394.0,0.0,81.0,355.0,380.0,123.0,326.0,328.0,17.0,56.0,251.0
0,1.0,0.0,0.0,0.0,9.0,9.0,21.0,0.0,0.0,39.0,3.0,0.0,1.0,0.227686703,0.003642987,0.187214612,0.6,1.0,0.0,6.0,7.0,2.0,4.669895373,0.0,0.0,0.0,0.0,18.0,22.0,219.0,5.0781975,409.0,399.0,408.0,186.0,41.0,364.0,405.0,299.0,134.0,399.0,409.0,72.0,403.0,32.0,377.0,133.0,10.0,403.0,0.0,81.0,358.0,388.0,78.0,373.0,116.0,17.0,56.0,298.0
0,1.0,0.0,0.0,0.0,0.0,0.0,0.0,0.0,0.0,0.0,0.0,2.0,0.0,0.228163993,0.003565062,0.210526316,0.2,1.0,0.0,5.0,5.0,0.0,2.628056574,0.0,0.0,0.0,1.0,0.0,0.0,38.0,0.0,410.0,398.0,409.0,190.0,40.0,369.0,410.0,304.0,134.0,383.0,410.0,72.0,409.0,33.0,356.0,132.0,10.0,410.0,0.0,83.0,386.0,404.0,108.0,378.0,194.0,17.0,56.0,229.0
0,1.0,0.0,0.0,0.0,0.0,8.0,18.0,0.0,0.0,26.0,4.0,0.0,0.0,0.227758007,0.003558719,0.186956522,0.6,1.0,0.0,5.0,7.0,2.0,5.662187073,0.0,0.0,0.0,0.0,17.0,19.0,230.0,4.619406,410.0,402.0,397.0,190.0,40.0,369.0,410.0,304.0,131.0,403.0,410.0,72.0,302.0,33.0,384.0,131.0,10.0,410.0,0.0,83.0,273.0,403.0,34.0,403.0,364.0,17.0,56.0,73.0
0,1.0,0.0,0.0,0.0,0.0,0.0,29.0,0.0,0.0,29.0,4.0,0.0,1.0,0.226950355,0.003546099,0.185344828,0.6,1.0,0.0,6.0,7.0,1.0,2.758992355,0.0,0.0,0.0,0.0,18.0,29.0,232.0,4.8579803,407.0,390.0,410.0,190.0,40.0,369.0,394.0,304.0,134.0,266.0,408.0,72.0,327.0,33.0,400.0,133.0,10.0,405.0,0.0,83.0,213.0,361.0,351.0,383.0,282.0,17.0,56.0,266.0
0,1.0,0.0,0.0,0.0,0.0,0.0,29.0,0.0,0.0,29.0,1.0,0.0,1.0,0.227353464,0.003552398,0.186147186,0.6,1.0,0.0,6.0,7.0,1.0,2.903356284,0.0,0.0,0.0,0.0,18.0,29.0,231.0,4.7413645,408.0,406.0,405.0,190.0,40.0,369.0,408.0,304.0,134.0,330.0,408.0,72.0,328.0,33.0,347.0,134.0,10.0,406.0,0.0,83.0,58.0,407.0,304.0,408.0,61.0,17.0,56.0,330.0
0,1.0,4.0,0.0,0.0,0.0,0.0,1.0,1.0,0.0,0.0,1.0,1.0,1.0,0.264285714,0.001587302,0.605405405,1.0,1.0,0.0,5.0,2.0,1.0,5.013944932,0.0,1.0,0.0,0.0,1.0,1.0,185.0,0.0,453.0,453.0,455.0,271.0,70.0,440.0,453.0,369.0,145.0,286.0,453.0,147.0,416.0,61.0,446.0,145.0,12.0,453.0,37.0,125.0,402.0,439.0,37.0,440.0,396.0,26.0,78.0,272.0
1,1.0,0.0,0.0,0.0,0.0,0.0,0.0,0.0,0.0,0.0,0.0,0.0,0.0,0.26407613,0.001586043,0.461538462,0.4,1.0,0.0,6.0,2.0,0.0,4.93668033,0.0,1.0,0.0,1.0,0.0,0.0,13.0,0.0,451.0,432.0,453.0,272.0,69.0,440.0,433.0,365.0,145.0,269.0,455.0,147.0,367.0,61.0,433.0,145.0,12.0,439.0,419.0,125.0,418.0,451.0,419.0,431.0,417.0,26.0,78.0,269.0
0,1.0,0.0,0.0,0.0,0.0,0.0,1.0,0.0,0.0,1.0,1.0,0.0,0.0,0.264659271,0.001584786,0.12962963,0.0,1.0,1.0,6.0,5.0,1.0,4.207521284,0.0,0.0,0.0,0.0,1.0,1.0,54.0,0.0,454.0,451.0,455.0,272.0,69.0,440.0,453.0,365.0,145.0,391.0,454.0,147.0,415.0,61.0,442.0,145.0,12.0,453.0,136.0,125.0,354.0,442.0,136.0,449.0,414.0,26.0,78.0,391.0
0,1.0,0.0,7.0,0.0,0.0,0.0,1.0,0.0,0.0,0.0,1.0,3.0,0.0,0.184636119,0.002695418,0.153153153,0.6,1.0,0.0,5.0,2.0,1.0,5.163664925,0.0,1.0,0.0,0.0,1.0,1.0,333.0,0.0,407.0,398.0,409.0,204.0,38.0,314.0,412.0,298.0,128.0,278.0,412.0,73.0,371.0,40.0,345.0,128.0,10.0,407.0,0.0,92.0,297.0,397.0,199.0,406.0,398.0,22.0,64.0,278.0
0,2.0,2.0,0.0,0.0,0.0,0.0,1.0,1.0,0.0,0.0,1.0,0.0,1.0,0.184387618,0.00269179,0.152694611,0.6,1.0,0.0,6.0,0.0,1.0,5.569465525,0.0,1.0,0.0,1.0,1.0,1.0,334.0,0.0,411.0,409.0,407.0,205.0,38.0,312.0,409.0,298.0,127.0,273.0,412.0,74.0,388.0,40.0,412.0,128.0,10.0,409.0,0.0,93.0,386.0,410.0,396.0,408.0,200.0,22.0,64.0,273.0
1,1.0,0.0,0.0,0.0,0.0,0.0,0.0,0.0,0.0,0.0,0.0,1.0,0.0,0.248366013,0.013071895,0.233766234,0.6,1.0,0.0,5.0,3.0,0.0,2.464447781,0.0,0.0,0.0,1.0,0.0,0.0,77.0,0.0,423.0,401.0,418.0,237.0,49.0,191.0,423.0,286.0,173.0,405.0,425.0,81.0,423.0,39.0,385.0,172.0,8.0,423.0,384.0,118.0,295.0,421.0,384.0,423.0,384.0,21.0,59.0,325.0
0,1.0,18.0,0.0,0.0,0.0,0.0,1.0,1.0,0.0,0.0,1.0,0.0,1.0,0.253246753,0.012987013,0.243589744,0.6,1.0,1.0,5.0,2.0,1.0,4.449379501,0.0,1.0,0.0,0.0,1.0,1.0,78.0,0.0,425.0,425.0,417.0,237.0,49.0,191.0,425.0,286.0,171.0,389.0,425.0,81.0,424.0,39.0,412.0,171.0,8.0,425.0,98.0,118.0,283.0,425.0,318.0,399.0,193.0,21.0,59.0,389.0
0,1.0,2.0,0.0,0.0,0.0,0.0,2.0,1.0,0.0,1.0,2.0,0.0,1.0,0.251612903,0.012903226,0.240506329,0.6,1.0,0.0,5.0,1.0,2.0,4.631836738,0.0,0.0,0.0,0.0,1.0,2.0,79.0,0.9182958,424.0,416.0,425.0,237.0,49.0,191.0,419.0,286.0,173.0,304.0,424.0,81.0,411.0,39.0,407.0,170.0,8.0,424.0,36.0,118.0,401.0,414.0,351.0,419.0,79.0,21.0,59.0,304.0
0,1.0,2.0,0.0,0.0,0.0,0.0,1.0,1.0,0.0,0.0,1.0,0.0,1.0,0.25,0.012820513,0.2375,0.6,1.0,0.0,5.0,2.0,1.0,5.083294742,0.0,1.0,0.0,0.0,1.0,1.0,80.0,0.0,424.0,402.0,420.0,237.0,49.0,191.0,424.0,286.0,173.0,392.0,423.0,81.0,400.0,39.0,395.0,173.0,8.0,424.0,296.0,118.0,346.0,399.0,296.0,406.0,367.0,21.0,59.0,392.0
0,1.0,0.0,0.0,0.0,0.0,0.0,0.0,0.0,0.0,0.0,0.0,0.0,0.0,0.248407643,0.012738854,0.263157895,0.0,1.0,0.0,6.0,3.0,0.0,2.463298272,0.0,0.0,0.0,1.0,0.0,0.0,76.0,0.0,425.0,425.0,419.0,235.0,49.0,191.0,425.0,286.0,171.0,322.0,425.0,81.0,410.0,39.0,418.0,172.0,8.0,425.0,137.0,117.0,239.0,397.0,393.0,416.0,425.0,21.0,59.0,322.0
0,1.0,0.0,0.0,0.0,0.0,0.0,0.0,0.0,0.0,0.0,0.0,0.0,0.0,0.246835443,0.012658228,0.234567901,0.6,1.0,0.0,6.0,3.0,0.0,2.461824357,0.0,0.0,0.0,1.0,0.0,0.0,81.0,0.0,424.0,416.0,422.0,235.0,49.0,191.0,418.0,286.0,172.0,410.0,425.0,81.0,418.0,39.0,379.0,169.0,8.0,421.0,90.0,117.0,279.0,419.0,90.0,405.0,204.0,21.0,59.0,343.0
0,1.0,8.0,5.0,0.0,0.0,0.0,2.0,1.0,0.0,0.0,2.0,1.0,0.0,0.268388106,0.001564945,0.228782288,0.2,1.0,1.0,5.0,7.0,1.0,3.523405256,0.0,0.0,0.0,0.0,1.0,2.0,271.0,0.9612366,458.0,451.0,456.0,272.0,69.0,439.0,455.0,368.0,143.0,402.0,458.0,149.0,453.0,61.0,441.0,143.0,12.0,458.0,330.0,125.0,438.0,424.0,330.0,442.0,392.0,26.0,78.0,402.0
0,1.0,0.0,8.0,0.0,0.0,0.0,1.0,0.0,0.0,0.0,1.0,0.0,0.0,0.268178264,0.001563722,0.61025641,1.0,1.0,0.0,5.0,2.0,1.0,3.536221693,0.0,1.0,0.0,0.0,1.0,1.0,195.0,0.0,458.0,423.0,454.0,272.0,69.0,439.0,453.0,368.0,144.0,395.0,458.0,149.0,418.0,61.0,451.0,143.0,12.0,455.0,299.0,125.0,423.0,458.0,299.0,449.0,341.0,26.0,78.0,99.0
0,1.0,0.0,0.0,0.0,0.0,0.0,1.0,0.0,0.0,1.0,1.0,0.0,0.0,0.26796875,0.0015625,0.227941176,0.2,1.0,0.0,6.0,1.0,1.0,2.639850365,0.0,0.0,0.0,0.0,1.0,1.0,272.0,0.0,457.0,457.0,456.0,272.0,69.0,439.0,453.0,368.0,144.0,435.0,457.0,149.0,315.0,61.0,453.0,140.0,12.0,450.0,182.0,125.0,407.0,453.0,182.0,454.0,424.0,26.0,78.0,435.0
0,1.0,91.0,166.0,0.0,0.0,0.0,3.0,2.0,0.0,0.0,2.0,1.0,0.0,0.181697613,0.00265252,0.24,0.0,1.0,0.0,6.0,2.0,1.0,3.330599154,0.0,1.0,0.0,0.0,1.0,2.0,300.0,1.2323809,412.0,402.0,413.0,208.0,42.0,313.0,406.0,316.0,128.0,355.0,412.0,74.0,360.0,43.0,366.0,127.0,9.0,407.0,0.0,95.0,388.0,404.0,56.0,412.0,72.0,22.0,64.0,355.0
1,1.0,3.0,0.0,0.0,0.0,0.0,1.0,1.0,0.0,0.0,1.0,1.0,1.0,0.248554913,0.011560694,0.247058824,0.0,1.0,0.0,6.0,2.0,1.0,2.569385988,0.0,1.0,0.0,0.0,1.0,1.0,85.0,0.0,427.0,419.0,422.0,235.0,49.0,180.0,426.0,286.0,174.0,396.0,427.0,81.0,418.0,39.0,412.0,174.0,8.0,426.0,350.0,117.0,368.0,420.0,350.0,427.0,415.0,21.0,59.0,415.0
0,1.0,1.0,111.0,0.0,2.0,0.0,9.0,1.0,0.0,0.0,5.0,0.0,1.0,0.252873563,0.011494253,0.255813953,0.0,1.0,1.0,6.0,5.0,1.0,6.27839962,0.0,0.0,0.0,0.0,5.0,7.0,86.0,2.6517062,427.0,420.0,419.0,235.0,49.0,180.0,423.0,286.0,174.0,366.0,427.0,81.0,421.0,39.0,426.0,173.0,8.0,423.0,122.0,117.0,420.0,425.0,122.0,427.0,385.0,21.0,59.0,385.0
0,2.0,0.0,0.0,0.0,0.0,0.0,2.0,0.0,0.0,2.0,1.0,0.0,1.0,0.251428571,0.011428571,0.252873563,0.0,1.0,0.0,6.0,0.0,1.0,8.544959323,0.0,0.0,0.0,0.0,2.0,2.0,87.0,0.94945204,426.0,426.0,427.0,235.0,49.0,180.0,418.0,286.0,171.0,324.0,426.0,81.0,419.0,39.0,386.0,174.0,8.0,424.0,306.0,117.0,190.0,412.0,306.0,418.0,397.0,21.0,59.0,397.0
1,2.0,0.0,0.0,0.0,0.0,0.0,1.0,0.0,0.0,1.0,1.0,0.0,0.0,0.25,0.011363636,0.25,0.6,1.0,0.0,6.0,0.0,1.0,4.840944092,0.0,0.0,0.0,1.0,1.0,1.0,88.0,0.0,428.0,418.0,426.0,235.0,49.0,183.0,415.0,286.0,174.0,416.0,428.0,81.0,428.0,39.0,423.0,174.0,8.0,428.0,42.0,117.0,170.0,408.0,42.0,415.0,334.0,21.0,59.0,416.0
1,1.0,0.0,4.0,0.0,0.0,1.0,1.0,0.0,0.0,1.0,2.0,0.0,1.0,0.254237288,0.011299435,0.258426966,0.6,1.0,1.0,6.0,5.0,2.0,5.941047875,0.0,0.0,0.0,0.0,2.0,2.0,89.0,0.99107605,427.0,423.0,421.0,235.0,49.0,183.0,426.0,286.0,174.0,420.0,427.0,81.0,426.0,39.0,396.0,174.0,8.0,426.0,340.0,117.0,213.0,427.0,340.0,420.0,419.0,21.0,59.0,419.0
1,1.0,0.0,0.0,0.0,0.0,0.0,0.0,0.0,0.0,0.0,0.0,0.0,0.0,0.258426966,0.011235955,0.25,0.0,1.0,1.0,6.0,3.0,0.0,2.458796509,0.0,0.0,0.0,1.0,0.0,0.0,88.0,0.0,427.0,426.0,423.0,235.0,49.0,182.0,427.0,286.0,174.0,419.0,427.0,81.0,426.0,39.0,418.0,170.0,8.0,427.0,425.0,117.0,155.0,404.0,425.0,427.0,425.0,21.0,59.0,361.0
1,1.0,0.0,47.0,0.0,0.0,0.0,1.0,0.0,0.0,0.0,1.0,0.0,1.0,0.262569832,0.011173184,0.258426966,0.0,1.0,1.0,6.0,2.0,1.0,5.871388382,0.0,1.0,0.0,0.0,1.0,1.0,89.0,0.0,426.0,427.0,413.0,235.0,49.0,182.0,420.0,286.0,174.0,387.0,427.0,81.0,419.0,39.0,423.0,172.0,8.0,420.0,297.0,117.0,318.0,426.0,350.0,420.0,424.0,21.0,59.0,424.0
0,1.0,0.0,0.0,0.0,0.0,0.0,0.0,0.0,0.0,0.0,0.0,1.0,1.0,0.178385417,0.002604167,0.145714286,0.6,1.0,0.0,5.0,3.0,0.0,2.448955943,0.0,0.0,0.0,1.0,0.0,0.0,350.0,0.0,411.0,411.0,413.0,210.0,42.0,330.0,407.0,332.0,129.0,184.0,411.0,72.0,368.0,44.0,306.0,128.0,9.0,411.0,0.0,96.0,320.0,386.0,155.0,399.0,231.0,22.0,65.0,184.0
0,1.0,0.0,0.0,0.0,0.0,0.0,4.0,0.0,0.0,4.0,1.0,0.0,1.0,0.178153446,0.00260078,0.145299145,0.6,1.0,0.0,6.0,2.0,1.0,6.074680504,0.0,1.0,0.0,0.0,1.0,1.0,351.0,1.9182959,414.0,396.0,409.0,210.0,42.0,330.0,389.0,332.0,128.0,144.0,414.0,72.0,384.0,44.0,265.0,128.0,9.0,408.0,0.0,96.0,378.0,390.0,396.0,406.0,117.0,22.0,65.0,144.0
0,1.0,0.0,0.0,0.0,0.0,0.0,17.0,0.0,0.0,17.0,2.0,1.0,0.0,0.274111675,0.010152284,0.244897959,0.6,1.0,0.0,5.0,7.0,1.0,2.822074852,0.0,0.0,0.0,0.0,17.0,17.0,98.0,4.0874624,423.0,418.0,419.0,236.0,48.0,324.0,423.0,291.0,175.0,295.0,423.0,81.0,420.0,42.0,420.0,168.0,8.0,423.0,416.0,117.0,404.0,387.0,416.0,408.0,416.0,22.0,62.0,295.0
1,1.0,2.0,585.0,0.0,5.0,1.0,11.0,1.0,0.0,0.0,5.0,0.0,1.0,0.272727273,0.01010101,0.242424242,0.6,1.0,0.0,5.0,1.0,1.0,3.375894139,1.0,0.0,0.0,0.0,2.0,8.0,99.0,3.4138045,431.0,423.0,427.0,239.0,48.0,331.0,422.0,291.0,176.0,391.0,431.0,82.0,423.0,42.0,364.0,173.0,8.0,424.0,322.0,118.0,407.0,400.0,322.0,420.0,322.0,25.0,64.0,293.0
0,2.0,489.0,118.0,0.0,3.0,3.0,138.0,83.0,1.0,24.0,8.0,0.0,0.0,0.27638191,0.010050251,0.268817204,0.0,1.0,1.0,6.0,0.0,6.0,5.553277694,0.0,0.0,0.0,0.0,8.0,13.0,93.0,3.1229725,426.0,394.0,411.0,239.0,48.0,276.0,422.0,291.0,175.0,292.0,426.0,82.0,426.0,42.0,418.0,175.0,8.0,426.0,325.0,118.0,275.0,416.0,325.0,423.0,325.0,23.0,64.0,292.0
0,1.0,0.0,0.0,0.0,0.0,0.0,1.0,0.0,0.0,1.0,1.0,0.0,1.0,0.275,0.01,0.265957447,0.0,1.0,0.0,6.0,1.0,1.0,2.959517104,0.0,0.0,0.0,0.0,1.0,1.0,94.0,0.0,423.0,409.0,412.0,239.0,48.0,276.0,413.0,291.0,173.0,343.0,426.0,82.0,411.0,42.0,341.0,173.0,8.0,419.0,409.0,118.0,144.0,423.0,409.0,408.0,409.0,23.0,64.0,343.0
1,1.0,0.0,0.0,0.0,0.0,0.0,0.0,0.0,0.0,0.0,0.0,0.0,1.0,0.273631841,0.009950249,0.263157895,0.0,1.0,0.0,6.0,5.0,0.0,4.488256862,0.0,0.0,0.0,1.0,0.0,0.0,95.0,0.0,430.0,430.0,429.0,239.0,48.0,331.0,430.0,291.0,176.0,421.0,430.0,82.0,429.0,42.0,422.0,173.0,8.0,430.0,163.0,118.0,64.0,427.0,339.0,415.0,350.0,25.0,64.0,421.0
1,1.0,0.0,626.0,0.0,5.0,2.0,6.0,0.0,0.0,0.0,4.0,0.0,1.0,0.277227723,0.00990099,0.270833333,0.0,1.0,1.0,6.0,1.0,1.0,2.482668817,0.0,0.0,0.0,0.0,1.0,3.0,96.0,2.981191,433.0,428.0,416.0,239.0,48.0,331.0,428.0,291.0,177.0,375.0,433.0,82.0,422.0,42.0,428.0,176.0,8.0,431.0,224.0,118.0,341.0,433.0,224.0,414.0,309.0,25.0,64.0,375.0
1,3.0,49.0,6.0,0.0,0.0,0.0,4.0,3.0,0.0,0.0,4.0,0.0,1.0,0.280788177,0.009852217,0.278350515,0.0,1.0,1.0,6.0,0.0,1.0,11.08118857,0.0,1.0,0.0,0.0,1.0,3.0,97.0,1.8291504,433.0,422.0,428.0,239.0,48.0,331.0,433.0,291.0,177.0,323.0,433.0,82.0,432.0,42.0,379.0,175.0,8.0,433.0,284.0,118.0,269.0,423.0,339.0,433.0,422.0,25.0,64.0,422.0
1,1.0,0.0,21.0,0.0,0.0,0.0,3.0,0.0,0.0,0.0,1.0,0.0,1.0,0.284313725,0.009803922,0.285714286,0.0,1.0,1.0,6.0,5.0,1.0,2.702187001,0.0,0.0,0.0,0.0,1.0,1.0,98.0,0.8929427,433.0,417.0,420.0,239.0,48.0,329.0,433.0,291.0,175.0,361.0,433.0,82.0,433.0,42.0,417.0,173.0,8.0,430.0,275.0,118.0,329.0,433.0,275.0,432.0,370.0,25.0,64.0,303.0
1,4.0,0.0,490.0,0.0,3.0,3.0,40.0,0.0,0.0,0.0,4.0,0.0,1.0,0.287804878,0.009756098,0.292929293,0.0,1.0,1.0,6.0,0.0,1.0,6.192927382,0.0,0.0,0.0,0.0,1.0,5.0,99.0,4.3724093,430.0,417.0,422.0,239.0,48.0,329.0,425.0,291.0,176.0,414.0,431.0,82.0,431.0,42.0,431.0,174.0,8.0,429.0,13.0,118.0,317.0,412.0,147.0,421.0,90.0,25.0,64.0,414.0
1,2.0,0.0,498.0,0.0,4.0,1.0,53.0,0.0,0.0,0.0,4.0,0.0,1.0,0.291262136,0.009708738,0.3,0.0,1.0,1.0,6.0,0.0,1.0,4.024343806,0.0,0.0,0.0,0.0,1.0,2.0,100.0,5.1078825,436.0,426.0,424.0,239.0,48.0,329.0,435.0,291.0,178.0,378.0,436.0,82.0,429.0,42.0,435.0,177.0,8.0,435.0,224.0,118.0,235.0,417.0,224.0,427.0,296.0,25.0,64.0,375.0
0,1.0,0.0,3284.0,0.0,2.0,7.0,42.0,0.0,0.0,0.0,8.0,0.0,0.0,0.29468599,0.009661836,0.25,0.6,1.0,1.0,6.0,5.0,1.0,5.238048198,1.0,0.0,0.0,0.0,1.0,15.0,100.0,4.7864585,422.0,415.0,426.0,239.0,48.0,336.0,409.0,291.0,175.0,343.0,423.0,83.0,415.0,43.0,394.0,175.0,8.0,415.0,124.0,118.0,355.0,420.0,198.0,417.0,389.0,25.0,64.0,309.0
1,1.0,12.0,28.0,0.0,0.0,0.0,4.0,2.0,0.0,0.0,4.0,1.0,0.0,0.264642082,0.001446132,0.568807339,1.0,1.0,0.0,5.0,1.0,1.0,6.89012892,0.0,0.0,0.0,0.0,3.0,4.0,218.0,1.3845371,459.0,459.0,461.0,275.0,70.0,434.0,453.0,382.0,148.0,330.0,462.0,153.0,322.0,62.0,333.0,148.0,12.0,456.0,243.0,129.0,415.0,451.0,243.0,449.0,415.0,26.0,78.0,330.0
0,1.0,0.0,48.0,0.0,0.0,0.0,1.0,0.0,0.0,0.0,1.0,0.0,0.0,0.26517341,0.001445087,0.228739003,0.2,1.0,1.0,6.0,1.0,1.0,3.022447945,0.0,0.0,0.0,0.0,1.0,1.0,341.0,0.0,459.0,458.0,461.0,277.0,70.0,436.0,453.0,391.0,148.0,263.0,462.0,153.0,461.0,62.0,383.0,148.0,12.0,459.0,437.0,129.0,457.0,459.0,437.0,443.0,445.0,26.0,78.0,263.0
0,1.0,0.0,66.0,0.0,0.0,0.0,1.0,0.0,0.0,0.0,1.0,0.0,1.0,0.264981949,0.001444043,0.228070175,0.2,1.0,0.0,6.0,1.0,1.0,4.271445354,0.0,0.0,0.0,0.0,1.0,1.0,342.0,0.0,461.0,457.0,458.0,277.0,70.0,435.0,461.0,391.0,146.0,96.0,462.0,153.0,443.0,62.0,461.0,147.0,12.0,460.0,152.0,129.0,342.0,461.0,152.0,433.0,419.0,26.0,78.0,96.0
1,1.0,0.0,66.0,0.0,0.0,0.0,1.0,0.0,0.0,0.0,1.0,0.0,1.0,0.264790765,0.001443001,0.227405248,0.2,1.0,0.0,6.0,1.0,1.0,4.253941785,0.0,0.0,0.0,0.0,1.0,1.0,343.0,0.0,462.0,458.0,461.0,277.0,70.0,435.0,462.0,391.0,148.0,384.0,462.0,153.0,452.0,62.0,451.0,148.0,12.0,462.0,293.0,129.0,411.0,415.0,293.0,458.0,356.0,26.0,78.0,384.0
1,1.0,0.0,209.0,0.0,0.0,0.0,12.0,0.0,0.0,0.0,5.0,0.0,1.0,0.265320836,0.001441961,0.229651163,0.2,1.0,1.0,6.0,2.0,1.0,3.376771232,0.0,1.0,0.0,0.0,2.0,4.0,344.0,2.89081,461.0,457.0,462.0,277.0,70.0,435.0,457.0,390.0,148.0,462.0,461.0,153.0,363.0,62.0,431.0,148.0,12.0,457.0,391.0,129.0,456.0,461.0,391.0,450.0,435.0,26.0,78.0,462.0
1,1.0,0.0,0.0,0.0,0.0,0.0,0.0,0.0,0.0,0.0,0.0,1.0,0.0,0.276595745,0.00141844,0.26519337,0.2,1.0,1.0,5.0,3.0,0.0,5.456765596,0.0,0.0,0.0,1.0,0.0,0.0,362.0,0.0,463.0,463.0,462.0,277.0,71.0,450.0,460.0,389.0,147.0,462.0,464.0,155.0,463.0,63.0,449.0,143.0,12.0,463.0,199.0,129.0,390.0,428.0,199.0,461.0,424.0,27.0,77.0,462.0
1,1.0,65.0,41.0,0.0,0.0,0.0,19.0,9.0,0.0,0.0,10.0,0.0,0.0,0.277108434,0.001417434,0.580357143,1.0,1.0,1.0,3.0,2.0,1.0,4.68312168,0.0,1.0,0.0,0.0,4.0,13.0,224.0,3.7725942,461.0,448.0,462.0,277.0,71.0,432.0,425.0,389.0,147.0,429.0,460.0,153.0,323.0,64.0,453.0,145.0,12.0,461.0,364.0,129.0,318.0,424.0,364.0,456.0,368.0,26.0,78.0,429.0
1,1.0,0.0,0.0,0.0,0.0,0.0,0.0,0.0,0.0,0.0,0.0,0.0,1.0,0.278131635,0.001415428,0.269230769,0.2,1.0,1.0,5.0,3.0,0.0,2.714733008,0.0,0.0,0.0,1.0,0.0,0.0,364.0,0.0,461.0,423.0,464.0,277.0,72.0,447.0,416.0,388.0,147.0,404.0,461.0,155.0,423.0,65.0,436.0,146.0,12.0,454.0,322.0,129.0,428.0,457.0,322.0,376.0,279.0,27.0,77.0,404.0
1,1.0,82.0,42.0,0.0,0.0,0.0,7.0,4.0,0.0,0.0,7.0,0.0,0.0,0.277620397,0.001416431,0.267217631,0.2,1.0,1.0,5.0,2.0,1.0,3.308104257,0.0,1.0,0.0,0.0,2.0,3.0,363.0,2.3583112,464.0,462.0,459.0,277.0,72.0,446.0,462.0,388.0,148.0,354.0,464.0,155.0,415.0,65.0,456.0,147.0,12.0,462.0,219.0,129.0,383.0,421.0,219.0,450.0,357.0,27.0,77.0,354.0
1,1.0,0.0,0.0,0.0,0.0,0.0,0.0,0.0,0.0,0.0,0.0,0.0,0.0,0.27864215,0.001414427,0.582222222,1.0,1.0,1.0,5.0,3.0,0.0,5.990646963,0.0,0.0,0.0,1.0,0.0,0.0,225.0,0.0,464.0,451.0,455.0,277.0,72.0,447.0,457.0,388.0,148.0,461.0,464.0,155.0,422.0,65.0,424.0,148.0,12.0,462.0,415.0,129.0,445.0,464.0,415.0,464.0,436.0,27.0,77.0,461.0
0,1.0,0.0,0.0,0.0,0.0,0.0,1.0,0.0,0.0,1.0,1.0,0.0,0.0,0.279151943,0.001413428,0.271232877,0.2,1.0,1.0,6.0,7.0,1.0,2.194181428,0.0,0.0,0.0,0.0,1.0,1.0,365.0,0.0,462.0,462.0,461.0,277.0,70.0,435.0,450.0,391.0,148.0,389.0,462.0,153.0,429.0,62.0,444.0,147.0,12.0,462.0,50.0,129.0,442.0,442.0,50.0,412.0,295.0,26.0,78.0,389.0
0,1.0,0.0,10.0,0.0,0.0,0.0,1.0,0.0,0.0,0.0,1.0,0.0,0.0,0.278954802,0.001412429,0.0,0.0,1.0,0.0,6.0,1.0,1.0,3.309466267,0.0,0.0,0.0,0.0,1.0,1.0,0.0,0.0,461.0,443.0,462.0,277.0,70.0,435.0,453.0,391.0,148.0,325.0,461.0,153.0,416.0,62.0,451.0,148.0,12.0,458.0,96.0,129.0,282.0,450.0,96.0,458.0,368.0,26.0,78.0,325.0
0,1.0,0.0,0.0,0.0,0.0,0.0,0.0,0.0,0.0,0.0,0.0,1.0,1.0,0.258333333,0.008333333,0.221238938,0.6,1.0,0.0,5.0,1.0,0.0,5.843344542,0.0,0.0,0.0,1.0,0.0,0.0,113.0,0.0,444.0,444.0,443.0,240.0,50.0,387.0,444.0,291.0,180.0,422.0,442.0,83.0,439.0,42.0,441.0,180.0,8.0,444.0,132.0,118.0,124.0,404.0,354.0,439.0,442.0,27.0,63.0,422.0
1,7.0,0.0,0.0,0.0,0.0,0.0,9.0,0.0,0.0,9.0,8.0,0.0,0.0,0.257261411,0.008298755,0.273504274,0.0,1.0,0.0,6.0,0.0,1.0,8.702348034,0.0,3.0,0.0,0.0,4.0,4.0,117.0,0.7236853,444.0,442.0,444.0,240.0,50.0,383.0,444.0,291.0,180.0,428.0,444.0,83.0,441.0,42.0,444.0,180.0,9.0,444.0,122.0,118.0,444.0,432.0,124.0,440.0,413.0,27.0,63.0,428.0
1,1.0,0.0,0.0,0.0,0.0,0.0,1.0,0.0,0.0,1.0,1.0,0.0,1.0,0.260330579,0.008264463,0.279661017,0.0,1.0,1.0,6.0,4.0,1.0,4.952538309,0.0,0.0,0.0,0.0,1.0,1.0,118.0,0.0,443.0,440.0,444.0,240.0,50.0,383.0,443.0,291.0,180.0,315.0,443.0,83.0,442.0,42.0,435.0,179.0,9.0,443.0,117.0,118.0,415.0,437.0,280.0,443.0,186.0,27.0,63.0,225.0
1,3.0,34.0,0.0,0.0,0.0,0.0,3.0,2.0,0.0,1.0,2.0,0.0,1.0,0.263374486,0.008230453,0.285714286,0.0,1.0,1.0,6.0,0.0,1.0,6.594628157,0.0,0.0,0.0,0.0,2.0,3.0,119.0,1.3442403,443.0,441.0,431.0,240.0,50.0,383.0,441.0,291.0,180.0,416.0,444.0,83.0,439.0,42.0,354.0,180.0,9.0,441.0,96.0,118.0,259.0,429.0,114.0,443.0,347.0,27.0,63.0,347.0
0,2.0,0.0,0.0,0.0,0.0,0.0,2.0,0.0,0.0,2.0,2.0,0.0,1.0,0.266393443,0.008196721,0.291666667,0.0,1.0,1.0,6.0,0.0,1.0,4.151395263,0.0,0.0,0.0,0.0,2.0,2.0,120.0,0.15109697,443.0,442.0,444.0,240.0,50.0,383.0,429.0,291.0,180.0,342.0,443.0,83.0,427.0,42.0,420.0,171.0,9.0,442.0,155.0,118.0,267.0,443.0,155.0,416.0,426.0,27.0,63.0,374.0
1,1.0,0.0,0.0,0.0,0.0,0.0,3.0,0.0,0.0,3.0,2.0,0.0,1.0,0.265306122,0.008163265,0.289256198,0.0,1.0,0.0,6.0,2.0,1.0,5.213388756,0.0,1.0,0.0,0.0,3.0,3.0,121.0,1.0612781,444.0,431.0,440.0,240.0,50.0,383.0,436.0,291.0,180.0,399.0,443.0,83.0,436.0,42.0,353.0,177.0,9.0,444.0,93.0,118.0,252.0,443.0,261.0,437.0,343.0,27.0,63.0,399.0
0,3.0,8.0,0.0,2.0,4.0,0.0,5.0,1.0,0.0,6.0,5.0,0.0,1.0,0.268292683,0.008130081,0.295081967,0.0,1.0,1.0,6.0,0.0,6.0,4.590795458,0.0,1.0,0.0,0.0,4.0,4.0,122.0,2.1433794,443.0,443.0,441.0,240.0,50.0,383.0,443.0,291.0,179.0,358.0,444.0,83.0,432.0,42.0,444.0,178.0,9.0,443.0,272.0,118.0,182.0,417.0,272.0,433.0,376.0,27.0,63.0,347.0
1,4.0,201.0,526.0,0.0,0.0,0.0,48.0,14.0,0.0,0.0,21.0,1.0,0.0,0.283924843,0.001391788,0.585903084,1.0,1.0,0.0,5.0,0.0,1.0,7.366656758,0.0,1.0,0.0,0.0,7.0,17.0,227.0,4.881582,465.0,463.0,464.0,279.0,72.0,428.0,453.0,386.0,149.0,342.0,465.0,156.0,446.0,65.0,369.0,148.0,12.0,462.0,63.0,132.0,462.0,458.0,63.0,447.0,376.0,28.0,78.0,342.0
1,1.0,44.0,18.0,0.0,1.0,0.0,7.0,6.0,0.0,0.0,2.0,0.0,1.0,0.284422809,0.001390821,0.587719298,1.0,1.0,1.0,5.0,2.0,1.0,6.308238619,0.0,1.0,0.0,0.0,2.0,3.0,228.0,2.578342,466.0,465.0,455.0,280.0,72.0,427.0,461.0,386.0,148.0,269.0,466.0,156.0,449.0,65.0,461.0,148.0,12.0,466.0,106.0,133.0,452.0,462.0,106.0,463.0,429.0,28.0,78.0,269.0
1,1.0,0.0,139.0,0.0,0.0,0.0,1.0,0.0,0.0,0.0,1.0,0.0,1.0,0.284920083,0.001389854,0.589519651,1.0,1.0,1.0,5.0,1.0,1.0,5.09512848,0.0,0.0,0.0,0.0,1.0,1.0,229.0,0.0,466.0,459.0,461.0,280.0,72.0,427.0,466.0,388.0,149.0,353.0,466.0,156.0,443.0,65.0,464.0,146.0,12.0,466.0,299.0,133.0,399.0,429.0,299.0,457.0,415.0,28.0,78.0,353.0
1,1.0,0.0,247.0,0.0,0.0,0.0,1.0,0.0,0.0,0.0,1.0,0.0,1.0,0.285416667,0.001388889,0.591304348,1.0,1.0,1.0,6.0,1.0,1.0,5.167260184,0.0,0.0,0.0,0.0,1.0,1.0,230.0,0.0,465.0,460.0,459.0,280.0,72.0,427.0,460.0,388.0,149.0,385.0,466.0,156.0,366.0,65.0,430.0,149.0,12.0,460.0,306.0,133.0,297.0,465.0,306.0,448.0,411.0,28.0,78.0,385.0
1,1.0,51.0,0.0,0.0,0.0,0.0,3.0,3.0,0.0,0.0,3.0,0.0,1.0,0.285912561,0.001387925,0.593073593,1.0,1.0,1.0,6.0,1.0,1.0,5.303621837,0.0,0.0,0.0,0.0,1.0,1.0,231.0,0.75401044,465.0,453.0,464.0,280.0,72.0,429.0,462.0,388.0,149.0,328.0,462.0,156.0,399.0,65.0,462.0,149.0,12.0,465.0,252.0,133.0,461.0,436.0,252.0,453.0,419.0,28.0,78.0,328.0
1,1.0,1076.0,659.0,0.0,2.0,9.0,11.0,14.0,0.0,0.0,11.0,0.0,1.0,0.286407767,0.001386963,0.594827586,1.0,1.0,1.0,6.0,7.0,1.0,4.871760391,0.0,0.0,0.0,0.0,3.0,15.0,232.0,3.617881,463.0,457.0,464.0,277.0,71.0,415.0,438.0,383.0,147.0,245.0,463.0,156.0,371.0,65.0,413.0,147.0,12.0,461.0,438.0,131.0,400.0,408.0,438.0,438.0,412.0,28.0,77.0,245.0
0,1.0,0.0,0.0,0.0,0.0,0.0,0.0,0.0,0.0,0.0,0.0,1.0,0.0,0.251798561,0.007194245,0.204918033,0.6,1.0,0.0,5.0,1.0,0.0,5.803020834,0.0,0.0,0.0,1.0,0.0,0.0,122.0,0.0,457.0,452.0,453.0,244.0,50.0,364.0,447.0,298.0,187.0,355.0,457.0,82.0,438.0,41.0,448.0,184.0,9.0,457.0,219.0,121.0,358.0,456.0,219.0,441.0,417.0,28.0,63.0,417.0
0,1.0,182.0,533.0,0.0,0.0,1.0,79.0,18.0,0.0,0.0,34.0,0.0,0.0,0.250896057,0.007168459,0.270833333,0.0,1.0,0.0,6.0,5.0,1.0,5.22483478,0.0,0.0,0.0,0.0,14.0,45.0,144.0,5.793599,456.0,453.0,458.0,244.0,50.0,346.0,454.0,298.0,186.0,419.0,457.0,82.0,317.0,41.0,430.0,185.0,9.0,454.0,216.0,121.0,296.0,456.0,216.0,454.0,453.0,28.0,63.0,431.0
0,1.0,0.0,0.0,0.0,0.0,0.0,0.0,0.0,0.0,0.0,0.0,1.0,0.0,0.287586207,0.00137931,0.288311688,0.2,1.0,1.0,5.0,3.0,0.0,2.931340694,0.0,0.0,0.0,1.0,0.0,0.0,385.0,0.0,464.0,464.0,456.0,277.0,71.0,450.0,455.0,389.0,148.0,231.0,464.0,155.0,425.0,63.0,450.0,143.0,12.0,460.0,428.0,129.0,416.0,455.0,428.0,457.0,392.0,27.0,77.0,231.0
1,1.0,98.0,170.0,0.0,0.0,0.0,30.0,10.0,0.0,2.0,14.0,0.0,0.0,0.287388008,0.00137836,0.599156118,1.0,1.0,0.0,6.0,1.0,3.0,8.584594984,0.0,0.0,0.0,0.0,7.0,17.0,237.0,4.2382975,465.0,465.0,460.0,270.0,71.0,422.0,465.0,388.0,146.0,111.0,463.0,157.0,451.0,65.0,461.0,146.0,13.0,465.0,110.0,131.0,283.0,453.0,110.0,428.0,394.0,28.0,77.0,111.0
1,1.0,161.0,131.0,0.0,0.0,2.0,15.0,13.0,0.0,0.0,6.0,0.0,1.0,0.287878788,0.00137741,0.600840336,1.0,1.0,1.0,6.0,4.0,1.0,5.362444183,0.0,0.0,0.0,0.0,5.0,13.0,238.0,2.7007608,464.0,463.0,461.0,267.0,71.0,424.0,455.0,388.0,148.0,250.0,464.0,157.0,438.0,65.0,455.0,147.0,13.0,463.0,268.0,131.0,183.0,455.0,268.0,459.0,444.0,28.0,76.0,250.0
1,1.0,0.0,0.0,0.0,0.0,0.0,0.0,0.0,0.0,0.0,0.0,0.0,1.0,0.288368892,0.001376462,0.60251046,1.0,1.0,1.0,6.0,3.0,0.0,5.377505237,0.0,0.0,0.0,1.0,0.0,0.0,239.0,0.0,463.0,462.0,460.0,267.0,71.0,424.0,462.0,388.0,148.0,206.0,464.0,157.0,449.0,65.0,449.0,147.0,13.0,462.0,261.0,131.0,446.0,420.0,261.0,427.0,462.0,28.0,76.0,206.0
1,1.0,192.0,36.0,0.0,0.0,0.0,25.0,20.0,0.0,3.0,9.0,0.0,1.0,0.288858322,0.001375516,0.604166667,1.0,1.0,1.0,6.0,7.0,3.0,6.015445593,0.0,0.0,0.0,0.0,2.0,16.0,240.0,4.206962,464.0,461.0,463.0,266.0,71.0,422.0,464.0,388.0,148.0,287.0,464.0,156.0,455.0,65.0,461.0,146.0,13.0,464.0,20.0,131.0,122.0,461.0,20.0,417.0,445.0,28.0,76.0,287.0
0,1.0,16.0,7.0,0.0,0.0,0.0,2.0,1.0,0.0,0.0,1.0,1.0,1.0,0.168047337,0.002366864,0.144,0.6,1.0,1.0,6.0,7.0,1.0,4.984073359,0.0,0.0,0.0,0.0,1.0,2.0,375.0,0.8865409,408.0,405.0,406.0,215.0,43.0,329.0,405.0,328.0,125.0,161.0,409.0,71.0,359.0,43.0,336.0,125.0,10.0,408.0,0.0,100.0,385.0,408.0,109.0,383.0,323.0,23.0,66.0,161.0
0,1.0,0.0,0.0,0.0,0.0,0.0,0.0,0.0,0.0,0.0,0.0,1.0,0.0,0.17769131,0.002594034,0.082568807,0.2,1.0,0.0,6.0,3.0,0.0,2.447849707,0.0,0.0,0.0,1.0,0.0,0.0,109.0,0.0,408.0,397.0,409.0,210.0,42.0,336.0,406.0,331.0,124.0,183.0,408.0,70.0,397.0,45.0,406.0,124.0,9.0,407.0,0.0,96.0,290.0,373.0,87.0,408.0,377.0,22.0,67.0,183.0
0,2.0,289.0,149.0,0.0,1.0,0.0,26.0,23.0,0.0,0.0,9.0,15.0,0.0,0.274193548,0.010752688,0.263736264,0.6,1.0,1.0,6.0,0.0,1.0,8.215684137,0.0,1.0,0.0,0.0,7.0,17.0,91.0,3.6563249,425.0,404.0,426.0,235.0,49.0,183.0,425.0,286.0,174.0,391.0,427.0,81.0,402.0,39.0,420.0,174.0,8.0,425.0,297.0,117.0,352.0,411.0,297.0,410.0,388.0,21.0,59.0,391.0
0,1.0,0.0,0.0,0.0,0.0,0.0,0.0,0.0,0.0,0.0,0.0,1.0,0.0,0.266258607,0.001530222,0.599009901,1.0,1.0,0.0,5.0,3.0,0.0,2.454440447,0.0,0.0,0.0,1.0,0.0,0.0,202.0,0.0,457.0,405.0,459.0,272.0,69.0,445.0,457.0,370.0,143.0,251.0,458.0,149.0,458.0,61.0,390.0,144.0,12.0,457.0,425.0,127.0,433.0,371.0,425.0,427.0,362.0,26.0,78.0,251.0
0,2.0,77.0,10.0,0.0,0.0,0.0,5.0,3.0,0.0,0.0,4.0,0.0,1.0,0.266055046,0.001529052,0.596059113,1.0,1.0,0.0,5.0,0.0,1.0,7.162336073,0.0,1.0,0.0,0.0,3.0,4.0,203.0,1.9038142,459.0,416.0,457.0,272.0,69.0,448.0,448.0,370.0,145.0,454.0,459.0,149.0,448.0,61.0,451.0,145.0,12.0,459.0,362.0,127.0,459.0,436.0,362.0,445.0,357.0,26.0,78.0,454.0
0,1.0,15.0,295.0,0.0,1.0,0.0,3.0,1.0,0.0,0.0,3.0,0.0,0.0,0.265851795,0.001527884,0.175308642,0.6,1.0,0.0,6.0,1.0,1.0,4.364949118,0.0,0.0,0.0,0.0,1.0,3.0,405.0,0.4352642,459.0,449.0,450.0,272.0,69.0,447.0,449.0,372.0,146.0,437.0,459.0,149.0,443.0,61.0,430.0,146.0,12.0,458.0,2.0,127.0,306.0,385.0,2.0,430.0,449.0,26.0,78.0,437.0
0,1.0,62.0,0.0,0.0,0.0,0.0,5.0,4.0,0.0,1.0,4.0,1.0,0.0,0.174968072,0.002554278,0.235294118,0.0,1.0,0.0,6.0,2.0,2.0,7.085796923,0.0,1.0,0.0,0.0,1.0,3.0,306.0,1.8664019,407.0,395.0,409.0,211.0,42.0,340.0,391.0,333.0,123.0,368.0,407.0,70.0,364.0,46.0,372.0,122.0,9.0,407.0,0.0,96.0,402.0,403.0,133.0,356.0,269.0,22.0,67.0,368.0
0,1.0,6.0,0.0,0.0,0.0,0.0,1.0,1.0,0.0,0.0,1.0,1.0,0.0,0.269430052,0.010362694,0.24742268,0.6,1.0,1.0,6.0,2.0,1.0,4.630126287,0.0,1.0,0.0,0.0,1.0,1.0,97.0,0.0,428.0,415.0,424.0,236.0,49.0,185.0,420.0,290.0,173.0,416.0,428.0,81.0,418.0,40.0,411.0,174.0,8.0,426.0,377.0,117.0,237.0,416.0,377.0,418.0,414.0,21.0,59.0,414.0
1,1.0,0.0,297.0,0.0,0.0,0.0,2.0,0.0,0.0,0.0,2.0,1.0,1.0,0.264193793,0.001514005,0.215488215,0.2,1.0,0.0,6.0,2.0,1.0,5.088253245,0.0,1.0,0.0,0.0,1.0,2.0,297.0,0.22853811,460.0,449.0,459.0,273.0,69.0,436.0,449.0,376.0,146.0,423.0,460.0,150.0,375.0,62.0,440.0,145.0,12.0,451.0,27.0,127.0,319.0,453.0,27.0,443.0,446.0,26.0,78.0,320.0
1,1.0,9.0,183.0,0.0,2.0,0.0,2.0,2.0,0.0,0.0,2.0,0.0,1.0,0.264750378,0.001512859,0.218120805,0.2,1.0,1.0,6.0,2.0,1.0,3.275322118,0.0,1.0,0.0,0.0,2.0,2.0,298.0,1.242093,462.0,455.0,460.0,274.0,69.0,436.0,462.0,376.0,148.0,211.0,462.0,150.0,441.0,62.0,452.0,148.0,12.0,462.0,122.0,127.0,389.0,457.0,122.0,453.0,358.0,26.0,78.0,113.0
0,1.0,9.0,0.0,0.0,0.0,0.0,1.0,1.0,0.0,0.0,1.0,1.0,0.0,0.17407878,0.002541296,0.079646018,0.2,1.0,0.0,6.0,2.0,1.0,4.881589462,0.0,1.0,0.0,0.0,1.0,1.0,113.0,0.0,408.0,405.0,406.0,213.0,42.0,334.0,399.0,338.0,122.0,337.0,409.0,71.0,405.0,45.0,388.0,123.0,9.0,408.0,0.0,98.0,409.0,397.0,99.0,387.0,225.0,22.0,67.0,337.0
0,2.0,2.0,0.0,0.0,0.0,0.0,2.0,1.0,0.0,1.0,2.0,0.0,1.0,0.173857868,0.002538071,0.078947368,0.2,1.0,0.0,6.0,0.0,2.0,4.049759887,0.0,1.0,0.0,0.0,2.0,2.0,114.0,0.86312056,409.0,400.0,406.0,213.0,42.0,334.0,396.0,338.0,124.0,230.0,409.0,71.0,378.0,45.0,349.0,123.0,9.0,408.0,0.0,98.0,393.0,394.0,250.0,392.0,224.0,22.0,67.0,230.0
0,1.0,11.0,0.0,0.0,0.0,0.0,1.0,1.0,0.0,0.0,1.0,1.0,1.0,0.266616878,0.001493652,0.228571429,0.2,1.0,0.0,6.0,7.0,1.0,4.044531066,0.0,0.0,0.0,0.0,1.0,1.0,315.0,0.0,462.0,440.0,448.0,274.0,69.0,431.0,460.0,376.0,147.0,309.0,462.0,151.0,450.0,62.0,408.0,145.0,12.0,462.0,374.0,127.0,185.0,456.0,374.0,458.0,377.0,26.0,79.0,199.0
0,1.0,20.0,8.0,0.0,0.0,0.0,5.0,2.0,0.0,0.0,3.0,1.0,0.0,0.266320475,0.00148368,0.226415094,0.2,1.0,0.0,5.0,7.0,1.0,2.823247645,0.0,0.0,0.0,0.0,3.0,4.0,318.0,1.4962614,462.0,457.0,460.0,276.0,70.0,430.0,458.0,377.0,146.0,410.0,462.0,153.0,445.0,62.0,458.0,145.0,12.0,462.0,341.0,129.0,451.0,449.0,341.0,442.0,363.0,26.0,78.0,410.0
0,1.0,0.0,0.0,0.0,0.0,0.0,0.0,0.0,0.0,0.0,0.0,0.0,1.0,0.266123054,0.00148258,0.225705329,0.2,1.0,0.0,5.0,2.0,0.0,3.242994197,0.0,1.0,0.0,1.0,0.0,0.0,319.0,0.0,462.0,462.0,460.0,276.0,70.0,430.0,461.0,377.0,146.0,226.0,462.0,153.0,365.0,62.0,461.0,145.0,12.0,462.0,190.0,129.0,294.0,406.0,190.0,447.0,294.0,26.0,78.0,226.0
0,1.0,0.0,27.0,0.0,0.0,0.0,2.0,0.0,0.0,0.0,2.0,0.0,1.0,0.265925926,0.001481481,0.225,0.2,1.0,0.0,5.0,5.0,1.0,3.425544718,0.0,0.0,0.0,0.0,1.0,2.0,320.0,0.22853811,462.0,444.0,461.0,274.0,69.0,444.0,445.0,381.0,147.0,235.0,462.0,151.0,429.0,62.0,446.0,148.0,12.0,462.0,25.0,127.0,460.0,409.0,25.0,454.0,336.0,26.0,79.0,235.0
0,1.0,0.0,0.0,0.0,0.0,0.0,0.0,0.0,0.0,0.0,0.0,0.0,0.0,0.26572909,0.001480385,0.585714286,1.0,1.0,0.0,5.0,3.0,0.0,5.530981251,0.0,0.0,0.0,1.0,0.0,0.0,210.0,0.0,461.0,452.0,462.0,276.0,70.0,440.0,461.0,382.0,147.0,343.0,461.0,153.0,461.0,62.0,459.0,142.0,12.0,461.0,212.0,129.0,433.0,439.0,212.0,452.0,324.0,26.0,78.0,343.0
0,1.0,0.0,0.0,0.0,0.0,0.0,1.0,0.0,0.0,1.0,1.0,0.0,0.0,0.265532544,0.00147929,0.153846154,0.0,1.0,0.0,5.0,7.0,0.0,3.818522907,0.0,0.0,0.0,0.0,1.0,1.0,65.0,0.0,461.0,453.0,462.0,276.0,70.0,430.0,445.0,377.0,148.0,347.0,461.0,153.0,346.0,62.0,448.0,145.0,12.0,453.0,203.0,129.0,451.0,451.0,203.0,442.0,304.0,26.0,78.0,347.0
0,1.0,0.0,0.0,0.0,0.0,0.0,19.0,0.0,0.0,19.0,2.0,0.0,1.0,0.26533629,0.001478197,0.151515152,0.0,1.0,0.0,5.0,7.0,1.0,2.688085367,0.0,0.0,0.0,0.0,17.0,19.0,66.0,4.2479277,462.0,459.0,456.0,276.0,70.0,430.0,459.0,377.0,146.0,405.0,462.0,153.0,458.0,62.0,393.0,146.0,12.0,460.0,61.0,129.0,307.0,424.0,61.0,436.0,331.0,26.0,78.0,405.0
0,1.0,0.0,0.0,0.0,0.0,0.0,19.0,0.0,0.0,19.0,1.0,0.0,1.0,0.265140325,0.001477105,0.149253731,0.0,1.0,0.0,5.0,7.0,1.0,2.843176475,0.0,0.0,0.0,0.0,17.0,19.0,67.0,4.2479277,462.0,457.0,460.0,276.0,70.0,430.0,454.0,377.0,148.0,432.0,462.0,153.0,418.0,62.0,428.0,148.0,12.0,462.0,408.0,129.0,379.0,458.0,408.0,423.0,413.0,26.0,78.0,432.0
0,1.0,0.0,0.0,0.0,0.0,0.0,19.0,0.0,0.0,19.0,2.0,0.0,1.0,0.264944649,0.001476015,0.147058824,0.0,1.0,0.0,5.0,7.0,1.0,2.686288339,0.0,0.0,0.0,0.0,17.0,19.0,68.0,4.2479277,462.0,462.0,460.0,276.0,70.0,430.0,462.0,377.0,148.0,440.0,462.0,153.0,431.0,62.0,455.0,148.0,12.0,462.0,148.0,129.0,430.0,450.0,148.0,457.0,430.0,26.0,78.0,440.0
0,1.0,16.0,176.0,0.0,0.0,0.0,4.0,1.0,0.0,0.0,2.0,1.0,0.0,0.169117647,0.00245098,0.14010989,0.6,1.0,0.0,5.0,2.0,1.0,7.946029681,0.0,1.0,0.0,0.0,2.0,3.0,364.0,0.88429564,410.0,410.0,409.0,212.0,42.0,336.0,404.0,343.0,124.0,211.0,410.0,71.0,389.0,44.0,332.0,124.0,9.0,410.0,0.0,98.0,392.0,381.0,227.0,386.0,281.0,22.0,66.0,211.0
0,1.0,0.0,7.0,0.0,0.0,0.0,1.0,0.0,0.0,0.0,1.0,0.0,0.0,0.168910649,0.00244798,0.075757576,0.2,1.0,0.0,6.0,2.0,1.0,2.108164391,0.0,1.0,0.0,0.0,1.0,1.0,132.0,0.0,410.0,410.0,404.0,212.0,42.0,330.0,410.0,348.0,124.0,315.0,410.0,71.0,355.0,44.0,397.0,124.0,9.0,410.0,0.0,98.0,349.0,407.0,128.0,400.0,305.0,22.0,67.0,315.0
1,1.0,0.0,0.0,0.0,0.0,0.0,0.0,0.0,0.0,0.0,0.0,0.0,1.0,0.168704156,0.002444988,0.07518797,0.2,1.0,0.0,6.0,1.0,0.0,3.44297891,0.0,0.0,0.0,1.0,0.0,0.0,133.0,0.0,406.0,403.0,409.0,212.0,42.0,330.0,403.0,348.0,122.0,204.0,406.0,71.0,401.0,44.0,375.0,122.0,9.0,406.0,0.0,98.0,315.0,384.0,343.0,382.0,371.0,22.0,67.0,204.0
0,1.0,0.0,0.0,0.0,0.0,0.0,2.0,0.0,0.0,2.0,2.0,0.0,1.0,0.16971917,0.002442002,0.082089552,0.2,1.0,1.0,6.0,7.0,1.0,2.189475529,0.0,0.0,0.0,0.0,1.0,1.0,134.0,0.91829586,407.0,401.0,410.0,212.0,42.0,332.0,400.0,348.0,124.0,401.0,407.0,71.0,389.0,44.0,394.0,124.0,9.0,407.0,0.0,98.0,342.0,407.0,305.0,363.0,240.0,22.0,67.0,72.0
0,1.0,0.0,0.0,0.0,0.0,0.0,1.0,0.0,1.0,0.0,1.0,0.0,1.0,0.169512195,0.002439024,0.081481481,0.2,1.0,0.0,6.0,1.0,1.0,2.674214028,0.0,0.0,0.0,0.0,1.0,1.0,135.0,0.0,409.0,401.0,403.0,212.0,42.0,330.0,401.0,348.0,123.0,39.0,410.0,71.0,371.0,44.0,406.0,122.0,9.0,409.0,0.0,98.0,263.0,355.0,222.0,387.0,372.0,22.0,67.0,9.0
0,1.0,0.0,0.0,0.0,0.0,0.0,1.0,0.0,0.0,1.0,1.0,1.0,1.0,0.338414634,0.001219512,0.348583878,0.2,1.0,0.0,5.0,1.0,0.0,2.66062869,0.0,0.0,0.0,0.0,1.0,1.0,459.0,0.0,475.0,475.0,468.0,299.0,72.0,456.0,473.0,454.0,152.0,263.0,475.0,161.0,460.0,65.0,465.0,148.0,12.0,475.0,148.0,149.0,456.0,467.0,148.0,474.0,322.0,28.0,83.0,263.0
0,1.0,0.0,0.0,0.0,0.0,0.0,1.0,0.0,0.0,1.0,1.0,0.0,1.0,0.33820841,0.001218769,0.347826087,0.2,1.0,0.0,5.0,2.0,0.0,2.503734998,0.0,1.0,0.0,0.0,1.0,1.0,460.0,0.0,475.0,467.0,474.0,299.0,72.0,456.0,473.0,454.0,152.0,195.0,475.0,161.0,456.0,65.0,445.0,152.0,12.0,475.0,412.0,149.0,282.0,457.0,412.0,457.0,318.0,28.0,83.0,195.0
0,1.0,0.0,18.0,0.0,0.0,0.0,1.0,0.0,0.0,0.0,1.0,0.0,1.0,0.338002436,0.001218027,0.347071584,0.2,1.0,0.0,5.0,4.0,1.0,3.114307748,0.0,0.0,0.0,0.0,1.0,1.0,461.0,0.0,470.0,436.0,475.0,299.0,72.0,456.0,457.0,454.0,148.0,324.0,473.0,161.0,466.0,65.0,452.0,152.0,12.0,473.0,116.0,149.0,346.0,456.0,116.0,470.0,430.0,28.0,83.0,324.0
0,1.0,69.0,0.0,2.0,1.0,0.0,2.0,1.0,0.0,0.0,1.0,0.0,1.0,0.337796713,0.001217285,0.346320346,0.2,1.0,0.0,5.0,1.0,2.0,4.582266999,0.0,0.0,0.0,0.0,1.0,2.0,462.0,1.3652228,475.0,458.0,462.0,300.0,72.0,456.0,469.0,456.0,152.0,193.0,475.0,161.0,453.0,65.0,470.0,150.0,12.0,475.0,82.0,150.0,364.0,475.0,82.0,464.0,379.0,28.0,83.0,193.0
0,1.0,0.0,34.0,0.0,0.0,0.0,1.0,0.0,0.0,0.0,1.0,0.0,1.0,0.337591241,0.001216545,0.345572354,0.2,1.0,0.0,6.0,5.0,1.0,3.510167872,0.0,0.0,0.0,0.0,1.0,1.0,463.0,0.0,473.0,467.0,472.0,300.0,72.0,456.0,453.0,456.0,152.0,205.0,474.0,161.0,406.0,65.0,471.0,152.0,12.0,474.0,156.0,150.0,308.0,473.0,156.0,467.0,369.0,28.0,83.0,205.0
0,1.0,62.0,164.0,0.0,0.0,0.0,3.0,2.0,0.0,0.0,3.0,0.0,1.0,0.337386018,0.001215805,0.344827586,0.2,1.0,0.0,5.0,1.0,1.0,5.80823422,0.0,0.0,0.0,0.0,1.0,3.0,464.0,1.0964868,475.0,459.0,469.0,300.0,72.0,456.0,470.0,456.0,152.0,266.0,475.0,161.0,457.0,65.0,403.0,151.0,12.0,470.0,184.0,150.0,467.0,468.0,184.0,461.0,446.0,28.0,83.0,266.0
0,1.0,0.0,81.0,0.0,0.0,0.0,1.0,0.0,0.0,0.0,1.0,0.0,1.0,0.337181045,0.001215067,0.344086022,0.2,1.0,0.0,6.0,1.0,1.0,3.358172033,0.0,0.0,0.0,0.0,1.0,1.0,465.0,0.0,474.0,449.0,475.0,302.0,72.0,456.0,457.0,459.0,152.0,341.0,474.0,161.0,371.0,65.0,361.0,148.0,12.0,474.0,180.0,152.0,385.0,472.0,180.0,454.0,425.0,28.0,83.0,341.0
0,1.0,6.0,19.0,0.0,0.0,0.0,2.0,1.0,0.0,0.0,2.0,0.0,1.0,0.336976321,0.001214329,0.343347639,0.2,1.0,0.0,6.0,1.0,1.0,4.728896228,0.0,0.0,0.0,0.0,1.0,2.0,466.0,0.7950403,475.0,468.0,473.0,303.0,72.0,456.0,465.0,459.0,152.0,336.0,475.0,161.0,475.0,65.0,351.0,152.0,12.0,475.0,375.0,152.0,403.0,453.0,375.0,468.0,464.0,28.0,83.0,336.0
0,1.0,1.0,0.0,0.0,0.0,0.0,1.0,1.0,0.0,0.0,1.0,0.0,1.0,0.336771845,0.001213592,0.34261242,0.2,1.0,0.0,6.0,2.0,1.0,3.409837179,0.0,1.0,0.0,0.0,1.0,1.0,467.0,0.0,474.0,474.0,475.0,303.0,72.0,456.0,474.0,459.0,151.0,340.0,473.0,161.0,436.0,65.0,441.0,151.0,12.0,474.0,338.0,152.0,222.0,433.0,338.0,471.0,445.0,28.0,83.0,340.0
0,2.0,69.0,42.0,0.0,0.0,0.0,9.0,5.0,0.0,0.0,6.0,1.0,0.0,0.341303048,0.001195457,0.664670659,1.0,1.0,0.0,6.0,0.0,1.0,4.22404673,0.0,1.0,0.0,1.0,2.0,8.0,334.0,2.708142,479.0,479.0,470.0,301.0,72.0,447.0,474.0,484.0,153.0,257.0,479.0,164.0,468.0,72.0,443.0,152.0,13.0,476.0,386.0,160.0,478.0,450.0,386.0,475.0,323.0,33.0,86.0,257.0
0,1.0,0.0,2.0,0.0,0.0,0.0,1.0,0.0,0.0,0.0,1.0,0.0,1.0,0.341099164,0.001194743,0.662686567,1.0,1.0,0.0,6.0,5.0,1.0,4.195638409,0.0,0.0,0.0,0.0,1.0,1.0,335.0,0.0,477.0,474.0,480.0,301.0,72.0,448.0,474.0,486.0,153.0,416.0,478.0,164.0,431.0,72.0,355.0,153.0,13.0,474.0,58.0,160.0,334.0,477.0,58.0,474.0,445.0,33.0,86.0,416.0
0,1.0,0.0,0.0,0.0,0.0,0.0,0.0,0.0,0.0,0.0,0.0,0.0,0.0,0.340895522,0.00119403,0.35610766,0.2,1.0,0.0,6.0,3.0,0.0,4.50872647,0.0,0.0,0.0,1.0,0.0,0.0,483.0,0.0,480.0,480.0,477.0,301.0,72.0,448.0,479.0,486.0,154.0,393.0,480.0,164.0,386.0,72.0,411.0,153.0,13.0,480.0,252.0,160.0,224.0,463.0,252.0,480.0,472.0,33.0,86.0,393.0
0,1.0,420.0,120.0,0.0,2.0,0.0,21.0,19.0,0.0,0.0,12.0,1.0,1.0,0.193939394,0.002020202,0.484375,1.0,1.0,0.0,6.0,2.0,1.0,5.676926829,0.0,1.0,0.0,0.0,2.0,10.0,64.0,3.7563834,438.0,438.0,432.0,264.0,58.0,426.0,436.0,353.0,138.0,340.0,439.0,132.0,436.0,61.0,361.0,131.0,11.0,438.0,0.0,125.0,426.0,368.0,0.0,421.0,394.0,24.0,76.0,340.0
0,4.0,775.0,69.0,0.0,2.0,0.0,20.0,20.0,0.0,0.0,4.0,0.0,1.0,0.193743693,0.002018163,0.476923077,1.0,1.0,0.0,6.0,0.0,1.0,4.820637254,1.0,1.0,0.0,0.0,3.0,8.0,65.0,3.1387239,439.0,436.0,438.0,262.0,57.0,421.0,433.0,353.0,138.0,405.0,439.0,134.0,299.0,61.0,396.0,134.0,11.0,437.0,0.0,123.0,301.0,430.0,0.0,421.0,260.0,24.0,76.0,405.0
0,1.0,61.0,2.0,0.0,0.0,0.0,3.0,2.0,0.0,0.0,3.0,1.0,0.0,0.236472946,0.004008016,0.444444444,0.2,1.0,0.0,6.0,2.0,1.0,6.374459791,0.0,1.0,0.0,0.0,2.0,3.0,9.0,0.40464595,394.0,386.0,397.0,169.0,41.0,252.0,392.0,310.0,126.0,242.0,395.0,70.0,367.0,30.0,340.0,126.0,7.0,394.0,0.0,79.0,157.0,366.0,0.0,392.0,387.0,17.0,54.0,242.0
0,1.0,64.0,16.0,0.0,0.0,0.0,5.0,4.0,0.0,0.0,4.0,0.0,0.0,0.236,0.004,0.187817259,0.6,1.0,0.0,6.0,2.0,1.0,3.619259064,0.0,1.0,0.0,0.0,3.0,5.0,197.0,2.321928,395.0,380.0,393.0,169.0,40.0,261.0,380.0,310.0,125.0,287.0,395.0,67.0,325.0,31.0,383.0,124.0,6.0,395.0,0.0,74.0,336.0,371.0,122.0,391.0,224.0,17.0,53.0,287.0
0,1.0,0.0,0.0,0.0,0.0,0.0,28.0,0.0,0.0,28.0,2.0,0.0,1.0,0.235528942,0.003992016,0.186868687,0.6,1.0,0.0,6.0,7.0,1.0,2.77440658,0.0,0.0,0.0,0.0,17.0,28.0,198.0,4.8073554,393.0,375.0,396.0,169.0,40.0,261.0,387.0,310.0,125.0,325.0,393.0,67.0,194.0,31.0,321.0,123.0,6.0,391.0,0.0,74.0,6.0,376.0,50.0,390.0,142.0,17.0,53.0,209.0
0,1.0,0.0,0.0,0.0,0.0,0.0,28.0,0.0,0.0,28.0,1.0,0.0,1.0,0.235059761,0.003984064,0.185929648,0.6,1.0,0.0,6.0,7.0,1.0,2.919727253,0.0,0.0,0.0,0.0,17.0,28.0,199.0,4.6875,396.0,389.0,395.0,169.0,40.0,261.0,389.0,310.0,124.0,320.0,396.0,67.0,370.0,31.0,389.0,123.0,6.0,396.0,0.0,74.0,194.0,389.0,335.0,387.0,368.0,17.0,53.0,317.0
0,1.0,0.0,0.0,0.0,0.0,0.0,2.0,0.0,0.0,2.0,1.0,0.0,1.0,0.234592445,0.003976143,0.185,0.6,1.0,0.0,6.0,2.0,1.0,3.812254671,0.0,1.0,0.0,0.0,2.0,2.0,200.0,0.8112781,396.0,394.0,390.0,169.0,40.0,261.0,394.0,310.0,125.0,301.0,396.0,67.0,394.0,31.0,364.0,124.0,6.0,396.0,0.0,74.0,309.0,385.0,182.0,372.0,186.0,17.0,53.0,301.0
0,1.0,0.0,0.0,0.0,0.0,0.0,17.0,0.0,0.0,17.0,2.0,1.0,0.0,0.341043891,0.00118624,0.35523614,0.2,1.0,0.0,5.0,4.0,1.0,4.504014966,0.0,0.0,0.0,0.0,16.0,17.0,487.0,3.7437148,477.0,461.0,480.0,301.0,72.0,445.0,477.0,488.0,154.0,453.0,477.0,165.0,463.0,72.0,477.0,154.0,13.0,477.0,269.0,160.0,371.0,475.0,269.0,465.0,461.0,33.0,86.0,453.0
0,1.0,0.0,0.0,0.0,0.0,0.0,1.0,0.0,0.0,1.0,1.0,0.0,1.0,0.340841731,0.001185536,0.354508197,0.2,1.0,0.0,5.0,1.0,1.0,2.741315696,0.0,0.0,0.0,0.0,1.0,1.0,488.0,0.0,472.0,467.0,480.0,301.0,72.0,445.0,460.0,488.0,153.0,459.0,472.0,165.0,455.0,72.0,430.0,152.0,13.0,467.0,5.0,160.0,207.0,453.0,5.0,472.0,367.0,33.0,86.0,459.0
0,1.0,2.0,0.0,0.0,0.0,0.0,1.0,1.0,0.0,0.0,1.0,0.0,1.0,0.34063981,0.001184834,0.353783231,0.2,1.0,0.0,5.0,1.0,1.0,3.082231154,0.0,0.0,0.0,0.0,1.0,1.0,489.0,0.0,479.0,473.0,478.0,301.0,72.0,445.0,476.0,488.0,154.0,474.0,479.0,165.0,422.0,72.0,468.0,151.0,13.0,479.0,261.0,160.0,381.0,469.0,261.0,479.0,442.0,33.0,86.0,474.0
1,1.0,14552.0,0.0,0.0,28.0,10.0,69.0,86.0,10.0,11.0,30.0,0.0,1.0,0.340438129,0.001184133,0.353061224,0.2,1.0,0.0,6.0,7.0,8.0,3.452862376,0.0,0.0,0.0,0.0,3.0,12.0,490.0,4.331117,477.0,473.0,480.0,301.0,72.0,445.0,473.0,488.0,152.0,373.0,477.0,165.0,398.0,72.0,470.0,150.0,13.0,476.0,17.0,160.0,318.0,477.0,17.0,474.0,424.0,33.0,86.0,373.0
1,1.0,128.0,81.0,0.0,0.0,0.0,13.0,10.0,0.0,1.0,7.0,1.0,1.0,0.206796117,0.001941748,0.174757282,0.2,1.0,1.0,4.0,2.0,2.0,3.745135296,0.0,1.0,0.0,0.0,2.0,7.0,206.0,2.8483276,441.0,441.0,440.0,260.0,59.0,403.0,441.0,363.0,136.0,400.0,441.0,138.0,441.0,62.0,441.0,138.0,11.0,441.0,0.0,124.0,414.0,420.0,0.0,424.0,425.0,25.0,76.0,319.0
1,1.0,0.0,0.0,1.0,0.0,0.0,1.0,0.0,0.0,0.0,1.0,0.0,1.0,0.20756547,0.001939864,0.178743961,0.2,1.0,1.0,6.0,7.0,1.0,3.460119361,0.0,0.0,0.0,0.0,1.0,1.0,207.0,0.0,438.0,433.0,441.0,260.0,59.0,416.0,436.0,363.0,138.0,287.0,440.0,138.0,368.0,62.0,436.0,136.0,11.0,435.0,0.0,124.0,380.0,422.0,0.0,438.0,380.0,25.0,76.0,74.0
1,1.0,0.0,0.0,0.0,0.0,0.0,0.0,0.0,0.0,0.0,0.0,0.0,1.0,0.208333333,0.001937984,0.182692308,0.2,1.0,1.0,6.0,3.0,0.0,2.622049631,0.0,0.0,0.0,1.0,0.0,0.0,208.0,0.0,441.0,432.0,440.0,260.0,59.0,403.0,441.0,363.0,139.0,241.0,441.0,138.0,439.0,62.0,338.0,136.0,11.0,441.0,0.0,124.0,429.0,435.0,0.0,432.0,441.0,25.0,76.0,241.0
0,1.0,0.0,0.0,0.0,0.0,0.0,1.0,0.0,0.0,1.0,1.0,1.0,1.0,0.239766082,0.003898635,0.189320388,0.6,1.0,0.0,6.0,5.0,1.0,4.204307841,0.0,0.0,0.0,0.0,1.0,1.0,206.0,0.0,402.0,355.0,401.0,169.0,40.0,239.0,395.0,309.0,127.0,326.0,402.0,67.0,386.0,31.0,320.0,127.0,6.0,395.0,0.0,74.0,332.0,402.0,254.0,395.0,77.0,17.0,53.0,220.0
0,1.0,0.0,0.0,0.0,0.0,0.0,29.0,0.0,0.0,29.0,2.0,0.0,1.0,0.239299611,0.003891051,0.188405797,0.6,1.0,0.0,6.0,7.0,1.0,2.771082451,0.0,0.0,0.0,0.0,18.0,29.0,207.0,4.7413645,402.0,362.0,400.0,169.0,40.0,239.0,402.0,309.0,127.0,352.0,402.0,67.0,372.0,31.0,402.0,127.0,6.0,402.0,0.0,74.0,4.0,401.0,362.0,341.0,113.0,17.0,53.0,352.0
0,1.0,0.0,0.0,0.0,0.0,0.0,29.0,0.0,0.0,29.0,1.0,0.0,1.0,0.238834951,0.003883495,0.1875,0.6,1.0,0.0,6.0,7.0,1.0,2.915732338,0.0,0.0,0.0,0.0,18.0,29.0,208.0,4.7413645,399.0,353.0,402.0,169.0,40.0,239.0,399.0,309.0,125.0,373.0,401.0,67.0,226.0,31.0,369.0,122.0,6.0,401.0,0.0,74.0,74.0,382.0,24.0,381.0,69.0,17.0,53.0,373.0
1,2.0,559.0,297.0,0.0,5.0,1.0,4.0,7.0,0.0,1.0,3.0,1.0,1.0,0.342772861,0.001179941,0.664723032,1.0,1.0,1.0,5.0,0.0,2.0,5.710056159,0.0,1.0,0.0,0.0,1.0,4.0,343.0,2.4821026,481.0,473.0,480.0,306.0,72.0,455.0,469.0,473.0,154.0,65.0,481.0,166.0,439.0,74.0,378.0,154.0,13.0,481.0,467.0,165.0,353.0,478.0,467.0,477.0,473.0,33.0,87.0,65.0
1,1.0,61.0,27.0,0.0,0.0,0.0,7.0,5.0,0.0,1.0,7.0,0.0,1.0,0.343160377,0.001179245,0.665697674,1.0,1.0,1.0,5.0,1.0,2.0,5.893921516,0.0,0.0,0.0,0.0,1.0,4.0,344.0,2.4729788,482.0,460.0,480.0,307.0,73.0,464.0,461.0,476.0,154.0,157.0,483.0,166.0,405.0,74.0,428.0,155.0,13.0,482.0,142.0,165.0,419.0,470.0,142.0,481.0,471.0,33.0,87.0,157.0
1,1.0,89.0,418.0,0.0,0.0,0.0,4.0,3.0,0.0,0.0,1.0,0.0,1.0,0.343547437,0.00117855,0.666666667,1.0,1.0,1.0,6.0,2.0,1.0,4.405400278,1.0,1.0,0.0,0.0,1.0,3.0,345.0,0.92001224,483.0,483.0,482.0,308.0,73.0,464.0,475.0,477.0,154.0,209.0,483.0,166.0,439.0,75.0,453.0,154.0,13.0,483.0,437.0,165.0,430.0,474.0,437.0,473.0,360.0,33.0,87.0,209.0
1,2.0,117.0,66.0,0.0,0.0,0.0,29.0,18.0,0.0,0.0,19.0,0.0,1.0,0.34393404,0.001177856,0.667630058,1.0,1.0,1.0,6.0,0.0,1.0,7.193673424,0.0,1.0,0.0,0.0,5.0,21.0,346.0,4.399154,483.0,478.0,481.0,308.0,73.0,464.0,478.0,477.0,154.0,285.0,479.0,166.0,479.0,75.0,448.0,153.0,13.0,483.0,132.0,165.0,323.0,474.0,132.0,476.0,431.0,33.0,87.0,285.0
1,1.0,10.0,0.0,0.0,0.0,0.0,1.0,1.0,0.0,0.0,1.0,0.0,1.0,0.344320188,0.001177163,0.668587896,1.0,1.0,1.0,6.0,2.0,1.0,5.658798561,0.0,1.0,0.0,0.0,1.0,1.0,347.0,0.0,483.0,483.0,481.0,308.0,73.0,463.0,476.0,477.0,155.0,145.0,483.0,166.0,483.0,75.0,469.0,155.0,13.0,483.0,431.0,165.0,359.0,479.0,431.0,482.0,451.0,33.0,87.0,145.0
1,1.0,0.0,151.0,0.0,1.0,0.0,0.0,0.0,0.0,0.0,0.0,0.0,1.0,0.344705882,0.001176471,0.66954023,1.0,1.0,1.0,6.0,1.0,1.0,4.5779502,0.0,0.0,0.0,0.0,0.0,0.0,348.0,0.0,483.0,483.0,484.0,308.0,73.0,465.0,483.0,477.0,153.0,411.0,483.0,166.0,446.0,75.0,460.0,146.0,13.0,483.0,50.0,165.0,433.0,467.0,50.0,483.0,369.0,33.0,87.0,411.0
1,1.0,2.0,0.0,0.0,0.0,0.0,1.0,1.0,0.0,0.0,1.0,1.0,0.0,0.218181818,0.001913876,0.19047619,0.2,1.0,1.0,5.0,2.0,1.0,4.031192134,0.0,1.0,0.0,0.0,1.0,1.0,210.0,0.0,441.0,390.0,436.0,261.0,59.0,403.0,439.0,362.0,137.0,419.0,441.0,138.0,323.0,62.0,439.0,137.0,11.0,441.0,0.0,124.0,389.0,439.0,0.0,427.0,429.0,25.0,77.0,419.0
0,1.0,420.0,231.0,0.0,13.0,11.0,47.0,15.0,0.0,46.0,19.0,1.0,1.0,0.235181644,0.003824092,0.333333333,0.2,1.0,0.0,6.0,2.0,4.0,5.122398426,0.0,1.0,0.0,0.0,19.0,41.0,21.0,5.4605985,402.0,368.0,392.0,177.0,40.0,245.0,390.0,311.0,127.0,270.0,402.0,67.0,381.0,32.0,383.0,127.0,6.0,402.0,0.0,77.0,352.0,384.0,165.0,400.0,37.0,17.0,54.0,56.0
1,1.0,92.0,6.0,0.0,0.0,0.0,15.0,10.0,0.0,3.0,11.0,1.0,0.0,0.189247312,0.002150538,0.757575758,1.0,1.0,0.0,6.0,2.0,2.0,6.447706833,0.0,1.0,0.0,0.0,2.0,5.0,33.0,2.9756198,420.0,414.0,412.0,252.0,56.0,404.0,389.0,347.0,139.0,237.0,421.0,132.0,380.0,55.0,382.0,141.0,11.0,416.0,0.0,111.0,371.0,398.0,0.0,421.0,407.0,24.0,75.0,208.0
0,1.0,153.0,20.0,0.0,1.0,0.0,7.0,6.0,0.0,0.0,2.0,1.0,1.0,0.189160468,0.002125399,0.627906977,1.0,1.0,0.0,5.0,1.0,1.0,5.984639231,0.0,0.0,0.0,0.0,1.0,4.0,43.0,2.334895,421.0,417.0,422.0,252.0,55.0,414.0,411.0,347.0,142.0,335.0,424.0,132.0,411.0,55.0,387.0,141.0,11.0,421.0,0.0,111.0,421.0,405.0,0.0,416.0,360.0,24.0,73.0,335.0
0,1.0,190.0,0.0,0.0,0.0,0.0,4.0,4.0,0.0,0.0,1.0,0.0,1.0,0.18895966,0.002123142,0.613636364,1.0,1.0,0.0,5.0,2.0,1.0,5.638550122,0.0,1.0,0.0,0.0,1.0,2.0,44.0,1.3494371,420.0,420.0,419.0,252.0,55.0,412.0,420.0,347.0,143.0,329.0,420.0,132.0,418.0,55.0,405.0,140.0,11.0,420.0,0.0,111.0,340.0,399.0,0.0,416.0,216.0,24.0,74.0,203.0
0,1.0,20.0,0.0,0.0,0.0,0.0,1.0,1.0,0.0,0.0,1.0,0.0,1.0,0.188759279,0.002120891,0.6,1.0,1.0,0.0,5.0,2.0,1.0,5.420290108,0.0,1.0,0.0,0.0,1.0,1.0,45.0,0.0,424.0,413.0,423.0,252.0,55.0,414.0,418.0,347.0,140.0,413.0,424.0,132.0,320.0,55.0,400.0,140.0,11.0,424.0,0.0,111.0,401.0,418.0,0.0,406.0,325.0,24.0,74.0,210.0
0,1.0,2.0,0.0,0.0,0.0,0.0,1.0,1.0,0.0,0.0,1.0,0.0,1.0,0.188559322,0.002118644,0.586956522,1.0,1.0,0.0,6.0,7.0,1.0,5.439747635,0.0,0.0,0.0,0.0,1.0,1.0,46.0,0.0,424.0,420.0,419.0,252.0,55.0,414.0,424.0,347.0,143.0,322.0,424.0,132.0,388.0,55.0,424.0,143.0,11.0,424.0,0.0,111.0,352.0,423.0,0.0,420.0,344.0,24.0,74.0,322.0
0,1.0,48.0,103.0,0.0,0.0,0.0,8.0,4.0,0.0,0.0,5.0,0.0,1.0,0.188359788,0.002116402,0.574468085,1.0,1.0,0.0,6.0,2.0,1.0,6.565106959,0.0,1.0,0.0,0.0,1.0,4.0,47.0,2.2301972,423.0,421.0,424.0,252.0,55.0,415.0,421.0,347.0,140.0,386.0,423.0,132.0,363.0,55.0,401.0,140.0,11.0,421.0,0.0,111.0,389.0,414.0,0.0,421.0,389.0,24.0,74.0,386.0
1,1.0,105.0,2.0,0.0,0.0,0.0,6.0,5.0,0.0,0.0,6.0,1.0,1.0,0.248394004,0.004282655,0.196629213,0.6,1.0,0.0,6.0,1.0,1.0,6.611435952,0.0,0.0,0.0,0.0,4.0,6.0,178.0,1.4249167,512.0,510.0,509.0,294.0,56.0,290.0,512.0,438.0,227.0,505.0,511.0,106.0,506.0,54.0,463.0,227.0,9.0,512.0,266.0,157.0,333.0,510.0,376.0,504.0,507.0,38.0,68.0,507.0
0,1.0,0.0,0.0,0.0,0.0,0.0,1.0,0.0,0.0,1.0,1.0,1.0,0.0,0.187695516,0.002085506,0.098837209,0.2,1.0,0.0,6.0,2.0,0.0,3.350453515,0.0,1.0,0.0,0.0,1.0,1.0,172.0,0.0,425.0,409.0,420.0,252.0,55.0,411.0,414.0,348.0,143.0,307.0,425.0,131.0,353.0,55.0,353.0,141.0,11.0,419.0,0.0,111.0,266.0,411.0,0.0,409.0,400.0,24.0,74.0,307.0
0,1.0,0.0,0.0,0.0,0.0,0.0,0.0,0.0,0.0,0.0,0.0,0.0,1.0,0.1875,0.002083333,0.098265896,0.2,1.0,0.0,6.0,3.0,0.0,4.569631758,0.0,0.0,0.0,1.0,0.0,0.0,173.0,0.0,426.0,426.0,425.0,252.0,55.0,415.0,419.0,350.0,143.0,350.0,426.0,131.0,388.0,55.0,419.0,141.0,11.0,426.0,0.0,111.0,287.0,394.0,0.0,426.0,299.0,24.0,74.0,350.0
1,1.0,3405.0,837.0,0.0,13.0,11.0,26.0,41.0,0.0,2.0,9.0,0.0,0.0,0.187304891,0.002081165,0.147286822,0.6,1.0,0.0,6.0,2.0,2.0,7.54261659,1.0,1.0,0.0,0.0,2.0,6.0,387.0,4.845582,426.0,418.0,424.0,264.0,57.0,411.0,417.0,351.0,138.0,405.0,426.0,135.0,401.0,60.0,342.0,135.0,11.0,426.0,0.0,123.0,426.0,323.0,0.0,406.0,326.0,24.0,77.0,256.0
1,1.0,0.0,0.0,0.0,0.0,0.0,0.0,0.0,0.0,0.0,0.0,0.0,1.0,0.188149688,0.002079002,0.149484536,0.6,1.0,1.0,6.0,3.0,0.0,4.275934373,0.0,0.0,0.0,1.0,0.0,0.0,388.0,0.0,426.0,425.0,416.0,264.0,57.0,414.0,418.0,351.0,136.0,382.0,426.0,135.0,292.0,60.0,344.0,136.0,11.0,425.0,0.0,123.0,244.0,385.0,0.0,421.0,411.0,24.0,76.0,365.0
0,1.0,0.0,6.0,0.0,0.0,0.0,2.0,0.0,0.0,0.0,2.0,1.0,0.0,0.244813278,0.004149378,0.195767196,0.6,1.0,0.0,5.0,2.0,1.0,2.998066524,0.0,1.0,0.0,0.0,1.0,2.0,189.0,0.91829586,462.0,453.0,464.0,240.0,49.0,277.0,453.0,378.0,181.0,362.0,462.0,95.0,437.0,45.0,453.0,181.0,7.0,457.0,297.0,120.0,120.0,462.0,374.0,451.0,386.0,31.0,60.0,179.0
0,1.0,0.0,3.0,0.0,0.0,0.0,2.0,0.0,0.0,1.0,2.0,0.0,1.0,0.244306418,0.004140787,0.194736842,0.6,1.0,0.0,5.0,2.0,2.0,4.709253061,0.0,1.0,0.0,0.0,2.0,2.0,190.0,0.8112781,465.0,447.0,466.0,240.0,49.0,277.0,462.0,378.0,181.0,422.0,465.0,95.0,383.0,45.0,438.0,180.0,7.0,462.0,340.0,120.0,171.0,441.0,340.0,456.0,343.0,31.0,60.0,321.0
0,1.0,0.0,3.0,0.0,0.0,0.0,2.0,0.0,0.0,1.0,2.0,0.0,1.0,0.243801653,0.004132231,0.193717277,0.6,1.0,0.0,5.0,2.0,2.0,4.679429753,0.0,1.0,0.0,0.0,2.0,2.0,191.0,0.8112781,462.0,466.0,465.0,240.0,49.0,277.0,455.0,378.0,181.0,407.0,466.0,95.0,448.0,45.0,404.0,177.0,7.0,456.0,163.0,120.0,168.0,461.0,202.0,452.0,398.0,31.0,60.0,407.0
0,1.0,0.0,0.0,0.0,0.0,0.0,30.0,0.0,0.0,30.0,1.0,0.0,0.0,0.243298969,0.004123711,0.260869565,0.0,1.0,0.0,6.0,7.0,1.0,2.926251722,0.0,0.0,0.0,0.0,17.0,30.0,276.0,4.793344,466.0,461.0,464.0,240.0,49.0,277.0,461.0,378.0,179.0,354.0,466.0,95.0,431.0,45.0,463.0,180.0,7.0,466.0,315.0,120.0,441.0,452.0,315.0,443.0,461.0,31.0,60.0,354.0
0,1.0,0.0,0.0,0.0,0.0,0.0,30.0,0.0,0.0,30.0,8.0,0.0,1.0,0.242798354,0.004115226,0.259927798,0.0,1.0,0.0,6.0,7.0,1.0,2.778744122,0.0,0.0,0.0,0.0,17.0,30.0,277.0,4.906892,465.0,464.0,466.0,240.0,49.0,277.0,464.0,378.0,181.0,349.0,465.0,95.0,464.0,45.0,446.0,180.0,7.0,464.0,22.0,120.0,66.0,416.0,113.0,465.0,213.0,31.0,60.0,349.0
1,1.0,436.0,126.0,0.0,0.0,0.0,7.0,4.0,0.0,0.0,6.0,1.0,1.0,0.333333333,0.001230012,0.330337079,0.2,1.0,1.0,5.0,2.0,1.0,5.223319283,0.0,1.0,0.0,0.0,1.0,5.0,445.0,2.5705664,472.0,472.0,471.0,296.0,71.0,460.0,466.0,429.0,148.0,461.0,472.0,161.0,399.0,65.0,466.0,143.0,12.0,472.0,439.0,149.0,462.0,466.0,439.0,439.0,441.0,27.0,82.0,461.0
1,1.0,0.0,222.0,0.0,0.0,0.0,1.0,0.0,0.0,0.0,1.0,0.0,1.0,0.333743085,0.001229256,0.331838565,0.2,1.0,1.0,5.0,1.0,1.0,5.35169241,0.0,0.0,0.0,0.0,1.0,1.0,446.0,0.0,472.0,468.0,463.0,296.0,71.0,460.0,467.0,448.0,149.0,440.0,472.0,161.0,464.0,65.0,472.0,146.0,12.0,468.0,76.0,149.0,242.0,420.0,76.0,468.0,413.0,27.0,82.0,440.0
1,1.0,0.0,53.0,0.0,0.0,0.0,1.0,0.0,0.0,0.0,1.0,0.0,1.0,0.334152334,0.001228501,0.333333333,0.2,1.0,1.0,5.0,1.0,1.0,3.484802598,0.0,0.0,0.0,0.0,1.0,1.0,447.0,0.0,471.0,471.0,472.0,296.0,71.0,460.0,471.0,448.0,149.0,263.0,471.0,161.0,441.0,65.0,398.0,149.0,12.0,471.0,427.0,149.0,468.0,455.0,427.0,450.0,309.0,27.0,82.0,263.0
0,3.0,278.0,0.0,0.0,0.0,0.0,9.0,9.0,0.0,0.0,6.0,1.0,0.0,0.193846154,0.002051282,0.096045198,0.2,1.0,0.0,6.0,0.0,1.0,5.729803393,0.0,2.0,0.0,0.0,1.0,3.0,177.0,2.766799,439.0,438.0,436.0,264.0,57.0,415.0,439.0,352.0,136.0,214.0,439.0,135.0,438.0,61.0,398.0,136.0,11.0,439.0,0.0,123.0,429.0,424.0,0.0,396.0,429.0,24.0,76.0,175.0
0,1.0,0.0,0.0,0.0,0.0,0.0,0.0,0.0,0.0,0.0,0.0,0.0,0.0,0.193647541,0.00204918,0.5,1.0,1.0,0.0,6.0,3.0,0.0,2.448171719,0.0,0.0,0.0,1.0,0.0,0.0,58.0,0.0,438.0,432.0,436.0,264.0,57.0,414.0,421.0,352.0,138.0,356.0,439.0,131.0,349.0,61.0,422.0,135.0,11.0,435.0,0.0,123.0,435.0,426.0,0.0,438.0,341.0,24.0,76.0,327.0
0,2.0,134.0,33.0,0.0,0.0,0.0,10.0,8.0,0.0,1.0,10.0,1.0,1.0,0.240325866,0.00407332,0.258064516,0.0,1.0,0.0,5.0,0.0,2.0,7.028939085,0.0,2.0,0.0,0.0,3.0,7.0,279.0,2.824396,463.0,463.0,466.0,239.0,49.0,277.0,445.0,378.0,180.0,400.0,463.0,95.0,458.0,45.0,422.0,180.0,7.0,463.0,47.0,120.0,268.0,432.0,211.0,459.0,307.0,31.0,60.0,400.0
0,1.0,5.0,13.0,0.0,0.0,0.0,2.0,1.0,0.0,0.0,2.0,0.0,1.0,0.239837398,0.004065041,0.257142857,0.0,1.0,0.0,6.0,2.0,1.0,4.644499735,0.0,0.0,0.0,0.0,2.0,2.0,280.0,0.8524052,466.0,455.0,465.0,239.0,49.0,276.0,451.0,378.0,181.0,198.0,466.0,95.0,422.0,45.0,424.0,179.0,7.0,432.0,58.0,120.0,343.0,443.0,122.0,456.0,455.0,31.0,60.0,455.0
0,1.0,2.0,0.0,0.0,0.0,0.0,1.0,1.0,0.0,0.0,1.0,0.0,1.0,0.239350913,0.004056795,0.256227758,0.0,1.0,0.0,6.0,7.0,1.0,4.333210116,0.0,0.0,0.0,0.0,1.0,1.0,281.0,0.0,466.0,466.0,462.0,239.0,49.0,275.0,466.0,378.0,181.0,445.0,466.0,95.0,463.0,45.0,441.0,181.0,7.0,466.0,323.0,120.0,131.0,452.0,323.0,463.0,466.0,31.0,60.0,462.0
0,3.0,154.0,137.0,0.0,0.0,0.0,8.0,5.0,0.0,0.0,7.0,0.0,1.0,0.238866397,0.004048583,0.255319149,0.0,1.0,0.0,6.0,0.0,1.0,9.417808865,0.0,0.0,0.0,0.0,1.0,5.0,282.0,2.8045158,465.0,453.0,461.0,239.0,49.0,275.0,465.0,378.0,181.0,421.0,466.0,95.0,429.0,45.0,465.0,180.0,7.0,465.0,327.0,120.0,450.0,428.0,327.0,460.0,365.0,31.0,60.0,421.0
0,1.0,6.0,6.0,0.0,0.0,0.0,2.0,1.0,0.0,0.0,2.0,0.0,1.0,0.238383838,0.004040404,0.254416961,0.0,1.0,0.0,6.0,1.0,1.0,5.190683259,0.0,0.0,0.0,0.0,1.0,2.0,283.0,1.0,465.0,465.0,466.0,239.0,49.0,275.0,465.0,378.0,180.0,412.0,465.0,95.0,416.0,45.0,382.0,178.0,7.0,465.0,58.0,120.0,101.0,457.0,372.0,400.0,58.0,31.0,60.0,412.0
1,2.0,12.0,0.0,0.0,0.0,0.0,2.0,2.0,0.0,0.0,2.0,1.0,1.0,0.248251748,0.006993007,0.264900662,0.0,1.0,1.0,6.0,0.0,1.0,6.217638973,0.0,0.0,0.0,0.0,2.0,2.0,151.0,0.8112781,464.0,445.0,440.0,246.0,51.0,348.0,455.0,301.0,186.0,412.0,464.0,82.0,446.0,42.0,403.0,184.0,9.0,457.0,82.0,122.0,403.0,462.0,343.0,425.0,390.0,28.0,63.0,397.0
1,1.0,0.0,0.0,0.0,0.0,0.0,1.0,0.0,0.0,1.0,1.0,0.0,1.0,0.25087108,0.006968641,0.269736842,0.0,1.0,1.0,6.0,2.0,1.0,5.817506437,0.0,0.0,0.0,0.0,1.0,1.0,152.0,0.0,464.0,417.0,455.0,246.0,51.0,348.0,454.0,301.0,186.0,293.0,464.0,82.0,196.0,42.0,438.0,186.0,9.0,461.0,113.0,122.0,298.0,463.0,409.0,464.0,291.0,28.0,63.0,290.0
1,1.0,0.0,0.0,0.0,0.0,0.0,0.0,0.0,0.0,0.0,0.0,1.0,1.0,0.294758339,0.00136147,0.621513944,1.0,1.0,1.0,5.0,3.0,0.0,5.090078992,0.0,0.0,0.0,1.0,0.0,0.0,251.0,0.0,462.0,453.0,465.0,267.0,71.0,419.0,462.0,389.0,145.0,296.0,462.0,156.0,379.0,66.0,435.0,145.0,13.0,462.0,268.0,131.0,371.0,444.0,268.0,459.0,430.0,28.0,77.0,296.0
1,1.0,1.0,0.0,0.0,0.0,0.0,1.0,1.0,0.0,0.0,1.0,0.0,1.0,0.295238095,0.001360544,0.623015873,1.0,1.0,1.0,5.0,7.0,1.0,3.977869253,0.0,0.0,0.0,0.0,1.0,1.0,252.0,0.0,465.0,458.0,452.0,278.0,71.0,451.0,458.0,389.0,147.0,460.0,465.0,155.0,361.0,63.0,456.0,147.0,12.0,465.0,10.0,129.0,380.0,464.0,10.0,465.0,462.0,27.0,78.0,460.0
0,1.0,0.0,0.0,0.0,0.0,0.0,1.0,0.0,0.0,1.0,1.0,1.0,1.0,0.167251462,0.002339181,0.144356955,0.6,1.0,1.0,5.0,7.0,1.0,6.961035357,0.0,0.0,0.0,0.0,1.0,1.0,381.0,0.0,409.0,407.0,410.0,214.0,43.0,330.0,394.0,331.0,126.0,232.0,409.0,71.0,407.0,43.0,387.0,126.0,10.0,407.0,0.0,100.0,305.0,409.0,199.0,362.0,394.0,23.0,67.0,232.0
0,1.0,0.0,42.0,0.0,2.0,0.0,0.0,0.0,0.0,0.0,0.0,1.0,1.0,0.258169935,0.006535948,0.212121212,0.6,1.0,0.0,5.0,1.0,1.0,4.948234585,0.0,0.0,0.0,0.0,0.0,0.0,132.0,1.0,461.0,451.0,460.0,246.0,51.0,352.0,456.0,305.0,186.0,444.0,461.0,82.0,381.0,42.0,426.0,185.0,9.0,456.0,92.0,122.0,366.0,447.0,382.0,424.0,330.0,28.0,63.0,444.0
0,1.0,0.0,0.0,0.0,0.0,0.0,30.0,0.0,0.0,30.0,1.0,0.0,1.0,0.25732899,0.006514658,0.210526316,0.6,1.0,0.0,5.0,7.0,1.0,2.822074248,0.0,0.0,0.0,0.0,18.0,30.0,133.0,4.906892,456.0,456.0,462.0,246.0,51.0,352.0,450.0,305.0,185.0,453.0,456.0,82.0,435.0,42.0,442.0,185.0,9.0,456.0,388.0,122.0,449.0,443.0,388.0,448.0,430.0,28.0,63.0,453.0
0,1.0,0.0,0.0,0.0,0.0,0.0,30.0,0.0,0.0,30.0,1.0,0.0,1.0,0.256493506,0.006493506,0.208955224,0.6,1.0,0.0,5.0,7.0,1.0,2.977511229,0.0,0.0,0.0,0.0,18.0,30.0,134.0,4.906892,462.0,458.0,451.0,246.0,51.0,352.0,459.0,305.0,186.0,427.0,462.0,82.0,409.0,42.0,438.0,185.0,9.0,459.0,386.0,122.0,405.0,462.0,386.0,460.0,386.0,28.0,63.0,232.0
0,1.0,0.0,0.0,0.0,0.0,0.0,0.0,0.0,0.0,0.0,0.0,0.0,1.0,0.25566343,0.006472492,0.207407407,0.6,1.0,0.0,5.0,3.0,0.0,2.450857971,0.0,0.0,0.0,1.0,0.0,0.0,135.0,0.0,461.0,455.0,459.0,246.0,51.0,352.0,448.0,305.0,182.0,400.0,462.0,82.0,292.0,42.0,462.0,182.0,9.0,460.0,454.0,122.0,347.0,461.0,454.0,444.0,454.0,28.0,63.0,400.0
0,1.0,0.0,0.0,0.0,0.0,0.0,30.0,0.0,0.0,30.0,2.0,0.0,1.0,0.25483871,0.006451613,0.205882353,0.6,1.0,0.0,6.0,7.0,1.0,2.819814252,0.0,0.0,0.0,0.0,18.0,30.0,136.0,4.906892,459.0,462.0,456.0,246.0,51.0,352.0,459.0,305.0,185.0,462.0,462.0,82.0,412.0,42.0,459.0,184.0,9.0,462.0,60.0,122.0,255.0,457.0,132.0,453.0,403.0,28.0,63.0,428.0
0,1.0,0.0,0.0,0.0,0.0,0.0,30.0,0.0,0.0,30.0,1.0,0.0,1.0,0.254019293,0.006430868,0.204379562,0.6,1.0,0.0,6.0,7.0,1.0,2.974864433,0.0,0.0,0.0,0.0,18.0,30.0,137.0,4.906892,460.0,455.0,461.0,246.0,51.0,352.0,460.0,305.0,185.0,451.0,460.0,82.0,322.0,42.0,399.0,185.0,9.0,460.0,260.0,122.0,427.0,455.0,260.0,460.0,407.0,28.0,63.0,435.0
0,1.0,0.0,0.0,0.0,0.0,0.0,30.0,0.0,0.0,30.0,1.0,0.0,1.0,0.252396166,0.006389776,0.201438849,0.6,1.0,0.0,6.0,7.0,1.0,2.816823231,0.0,0.0,0.0,0.0,18.0,30.0,139.0,4.906892,457.0,434.0,462.0,246.0,51.0,352.0,450.0,305.0,186.0,377.0,457.0,82.0,426.0,42.0,392.0,186.0,9.0,452.0,73.0,122.0,71.0,446.0,73.0,453.0,418.0,28.0,63.0,377.0
0,1.0,0.0,0.0,0.0,0.0,0.0,30.0,0.0,0.0,30.0,1.0,0.0,1.0,0.253205128,0.006410256,0.202898551,0.6,1.0,0.0,6.0,7.0,1.0,2.972750218,0.0,0.0,0.0,0.0,18.0,30.0,138.0,4.906892,460.0,454.0,461.0,246.0,51.0,352.0,460.0,305.0,185.0,462.0,460.0,82.0,369.0,42.0,367.0,182.0,9.0,460.0,354.0,122.0,341.0,444.0,354.0,460.0,354.0,28.0,63.0,462.0
1,1.0,77.0,264.0,0.0,0.0,0.0,9.0,5.0,0.0,0.0,4.0,1.0,1.0,0.300269906,0.001349528,0.636015326,1.0,1.0,1.0,5.0,2.0,1.0,7.154789836,1.0,1.0,0.0,0.0,3.0,6.0,261.0,2.4907377,466.0,459.0,467.0,268.0,72.0,418.0,466.0,392.0,149.0,91.0,466.0,156.0,437.0,66.0,464.0,149.0,13.0,466.0,106.0,131.0,266.0,449.0,106.0,459.0,364.0,29.0,79.0,91.0
1,1.0,236.0,34.0,0.0,0.0,0.0,29.0,26.0,0.0,0.0,20.0,0.0,1.0,0.30074174,0.001348618,0.63740458,1.0,1.0,1.0,6.0,2.0,1.0,3.440109141,0.0,1.0,0.0,0.0,2.0,5.0,262.0,3.6455615,467.0,455.0,462.0,268.0,72.0,418.0,467.0,391.0,148.0,259.0,467.0,156.0,366.0,66.0,460.0,145.0,13.0,467.0,54.0,131.0,382.0,458.0,54.0,461.0,388.0,29.0,79.0,259.0
1,1.0,14.0,7.0,0.0,0.0,0.0,3.0,1.0,0.0,0.0,1.0,0.0,1.0,0.301212938,0.001347709,0.63878327,1.0,1.0,1.0,6.0,2.0,1.0,2.886658426,0.0,1.0,0.0,0.0,1.0,2.0,263.0,1.2467052,464.0,464.0,466.0,268.0,72.0,418.0,460.0,391.0,149.0,302.0,467.0,156.0,430.0,66.0,390.0,149.0,13.0,462.0,163.0,131.0,450.0,450.0,163.0,462.0,458.0,29.0,79.0,302.0
1,1.0,1.0,0.0,0.0,0.0,0.0,1.0,1.0,0.0,0.0,1.0,0.0,1.0,0.301683502,0.001346801,0.640151515,1.0,1.0,1.0,6.0,2.0,1.0,2.61718363,0.0,1.0,0.0,0.0,1.0,1.0,264.0,0.0,466.0,464.0,463.0,268.0,72.0,418.0,456.0,391.0,149.0,452.0,466.0,156.0,464.0,66.0,456.0,149.0,13.0,464.0,190.0,131.0,238.0,434.0,190.0,466.0,453.0,29.0,79.0,452.0
1,1.0,26.0,48.0,0.0,0.0,0.0,5.0,3.0,0.0,0.0,5.0,0.0,1.0,0.302153432,0.001345895,0.641509434,1.0,1.0,1.0,6.0,7.0,1.0,2.347569618,0.0,0.0,0.0,0.0,2.0,4.0,265.0,1.94282,465.0,465.0,467.0,268.0,72.0,419.0,456.0,390.0,149.0,211.0,465.0,156.0,339.0,66.0,437.0,148.0,13.0,462.0,242.0,131.0,446.0,431.0,242.0,462.0,322.0,29.0,79.0,211.0
1,1.0,93.0,0.0,0.0,0.0,0.0,5.0,5.0,0.0,0.0,3.0,8.0,0.0,0.179839633,0.002290951,0.143979058,0.6,1.0,1.0,6.0,2.0,1.0,3.251387479,0.0,1.0,0.0,0.0,1.0,5.0,382.0,1.6951362,401.0,395.0,397.0,239.0,52.0,383.0,371.0,337.0,127.0,382.0,401.0,132.0,387.0,52.0,398.0,127.0,11.0,401.0,0.0,104.0,307.0,388.0,0.0,395.0,279.0,24.0,72.0,382.0
1,1.0,0.0,0.0,0.0,0.0,0.0,0.0,0.0,0.0,0.0,0.0,1.0,0.0,0.310963455,0.001328904,0.466666667,0.4,1.0,1.0,5.0,3.0,0.0,4.55891532,0.0,0.0,0.0,1.0,0.0,0.0,15.0,0.0,460.0,458.0,465.0,278.0,71.0,452.0,460.0,395.0,148.0,258.0,462.0,155.0,425.0,63.0,346.0,148.0,12.0,460.0,158.0,129.0,442.0,455.0,158.0,448.0,408.0,27.0,78.0,258.0
1,1.0,0.0,519.0,0.0,1.0,0.0,4.0,0.0,0.0,3.0,2.0,0.0,0.0,0.311420983,0.001328021,0.298734177,0.2,1.0,1.0,6.0,7.0,2.0,5.003389653,0.0,0.0,0.0,0.0,2.0,4.0,395.0,0.82274085,470.0,463.0,469.0,278.0,71.0,452.0,470.0,395.0,148.0,120.0,470.0,156.0,463.0,64.0,436.0,148.0,12.0,470.0,213.0,129.0,464.0,420.0,213.0,441.0,406.0,27.0,79.0,120.0
1,1.0,47.0,36.0,0.0,1.0,0.0,13.0,5.0,0.0,3.0,10.0,0.0,1.0,0.311877903,0.00132714,0.300505051,0.2,1.0,1.0,6.0,2.0,3.0,4.013122738,0.0,1.0,0.0,0.0,1.0,9.0,396.0,3.3299956,470.0,465.0,466.0,278.0,71.0,450.0,464.0,395.0,148.0,411.0,470.0,156.0,384.0,64.0,442.0,148.0,12.0,470.0,405.0,129.0,421.0,460.0,405.0,465.0,419.0,27.0,79.0,411.0
1,1.0,0.0,0.0,0.0,0.0,0.0,1.0,0.0,0.0,1.0,1.0,5.0,0.0,0.181714286,0.002285714,1.0,1.0,1.0,1.0,5.0,7.0,1.0,4.09676825,0.0,0.0,0.0,0.0,1.0,1.0,8.0,0.0,405.0,402.0,408.0,242.0,53.0,398.0,398.0,341.0,131.0,392.0,409.0,132.0,370.0,53.0,379.0,127.0,11.0,405.0,0.0,105.0,284.0,377.0,0.0,402.0,316.0,24.0,73.0,328.0
1,1.0,0.0,0.0,0.0,0.0,0.0,1.0,0.0,0.0,1.0,1.0,0.0,1.0,0.182648402,0.002283105,1.0,1.0,1.0,1.0,6.0,2.0,1.0,4.281627621,0.0,1.0,0.0,0.0,1.0,1.0,9.0,0.0,406.0,406.0,404.0,242.0,53.0,398.0,408.0,341.0,133.0,318.0,408.0,132.0,395.0,53.0,401.0,133.0,11.0,406.0,0.0,105.0,368.0,405.0,0.0,406.0,199.0,24.0,73.0,318.0
1,1.0,0.0,0.0,0.0,0.0,0.0,1.0,0.0,0.0,1.0,1.0,0.0,1.0,0.183580388,0.002280502,1.0,1.0,1.0,1.0,6.0,2.0,1.0,4.251860598,0.0,1.0,0.0,0.0,1.0,1.0,10.0,0.0,409.0,326.0,407.0,242.0,53.0,398.0,399.0,341.0,132.0,237.0,409.0,132.0,397.0,53.0,408.0,131.0,11.0,409.0,0.0,105.0,386.0,402.0,0.0,402.0,298.0,24.0,73.0,230.0
0,1.0,510.0,9.0,0.0,1.0,1.0,17.0,16.0,0.0,0.0,8.0,1.0,1.0,0.241895262,0.004987531,0.256521739,0.0,1.0,0.0,5.0,7.0,1.0,6.140013031,0.0,0.0,0.0,0.0,1.0,6.0,230.0,3.020946,504.0,502.0,506.0,292.0,54.0,352.0,502.0,432.0,224.0,409.0,507.0,105.0,501.0,52.0,459.0,224.0,9.0,504.0,59.0,156.0,268.0,489.0,283.0,494.0,370.0,38.0,65.0,409.0
0,2.0,61.0,48.0,0.0,0.0,0.0,11.0,9.0,0.0,0.0,8.0,0.0,0.0,0.241293532,0.004975124,0.196202532,0.6,1.0,0.0,6.0,0.0,1.0,7.484837392,0.0,0.0,0.0,0.0,4.0,9.0,158.0,2.8008525,507.0,495.0,502.0,292.0,54.0,354.0,506.0,433.0,224.0,388.0,507.0,105.0,498.0,52.0,486.0,224.0,9.0,506.0,280.0,156.0,33.0,505.0,280.0,507.0,359.0,38.0,65.0,359.0
1,2.0,0.0,2.0,0.0,0.0,0.0,1.0,0.0,0.0,0.0,1.0,1.0,1.0,0.317571885,0.001277955,0.635738832,1.0,1.0,1.0,5.0,0.0,1.0,5.364183133,0.0,2.0,0.0,1.0,1.0,1.0,291.0,0.0,472.0,467.0,468.0,271.0,72.0,432.0,472.0,404.0,150.0,421.0,472.0,158.0,309.0,67.0,430.0,150.0,13.0,472.0,238.0,135.0,354.0,434.0,238.0,462.0,463.0,29.0,80.0,421.0
0,1.0,0.0,0.0,0.0,0.0,0.0,31.0,0.0,0.0,31.0,1.0,3.0,0.0,0.260089686,0.004484305,0.280155642,0.0,1.0,0.0,6.0,7.0,1.0,2.940407428,0.0,0.0,0.0,0.0,18.0,31.0,257.0,4.954196,509.0,485.0,511.0,294.0,55.0,292.0,509.0,436.0,227.0,489.0,510.0,105.0,441.0,53.0,473.0,224.0,9.0,509.0,6.0,157.0,74.0,504.0,430.0,509.0,418.0,38.0,66.0,489.0
0,2.0,68.0,0.0,0.0,0.0,0.0,32.0,1.0,0.0,31.0,2.0,0.0,1.0,0.25950783,0.004474273,0.279069767,0.0,1.0,0.0,6.0,0.0,2.0,5.997509317,0.0,0.0,0.0,0.0,18.0,32.0,258.0,3.361234,511.0,482.0,510.0,294.0,55.0,292.0,511.0,436.0,225.0,500.0,511.0,105.0,510.0,53.0,481.0,225.0,9.0,511.0,31.0,157.0,114.0,502.0,166.0,501.0,428.0,38.0,66.0,500.0
1,1.0,457.0,188.0,0.0,4.0,0.0,29.0,21.0,0.0,2.0,16.0,1.0,0.0,0.322397476,0.00126183,0.641196013,1.0,1.0,1.0,5.0,1.0,3.0,5.006749011,0.0,0.0,0.0,0.0,6.0,22.0,301.0,4.0930204,472.0,462.0,471.0,295.0,71.0,455.0,463.0,419.0,147.0,232.0,472.0,160.0,458.0,64.0,468.0,147.0,12.0,472.0,90.0,148.0,400.0,425.0,90.0,440.0,338.0,27.0,81.0,232.0
1,1.0,16.0,273.0,0.0,0.0,0.0,6.0,4.0,0.0,0.0,2.0,0.0,1.0,0.322824716,0.001261034,0.642384106,1.0,1.0,1.0,6.0,2.0,1.0,3.11550097,0.0,1.0,0.0,0.0,4.0,5.0,302.0,0.45092377,472.0,470.0,471.0,295.0,71.0,454.0,465.0,423.0,149.0,260.0,472.0,160.0,456.0,64.0,464.0,147.0,12.0,472.0,129.0,149.0,449.0,462.0,129.0,467.0,455.0,27.0,81.0,260.0
1,1.0,0.0,74.0,0.0,0.0,0.0,1.0,0.0,0.0,0.0,1.0,0.0,1.0,0.323251418,0.001260239,0.643564356,1.0,1.0,1.0,6.0,1.0,1.0,5.186976133,0.0,0.0,0.0,0.0,1.0,1.0,303.0,0.0,472.0,466.0,470.0,295.0,71.0,455.0,467.0,424.0,149.0,425.0,471.0,160.0,362.0,64.0,457.0,149.0,12.0,472.0,277.0,149.0,386.0,442.0,277.0,468.0,462.0,27.0,81.0,425.0
1,1.0,89.0,32.0,0.0,0.0,0.0,3.0,2.0,0.0,0.0,3.0,0.0,1.0,0.323677582,0.001259446,0.644736842,1.0,1.0,1.0,6.0,1.0,1.0,3.435292152,0.0,0.0,0.0,0.0,2.0,2.0,304.0,1.0279688,472.0,464.0,470.0,295.0,71.0,453.0,462.0,423.0,149.0,357.0,472.0,160.0,395.0,64.0,348.0,145.0,12.0,472.0,205.0,149.0,448.0,457.0,205.0,472.0,462.0,27.0,81.0,357.0
0,3.0,75.0,96.0,0.0,0.0,0.0,15.0,8.0,0.0,1.0,5.0,3.0,0.0,0.190682557,0.002166847,0.103030303,0.2,1.0,0.0,6.0,0.0,2.0,4.722282557,0.0,2.0,0.0,0.0,2.0,5.0,165.0,3.1531641,419.0,418.0,421.0,252.0,56.0,402.0,418.0,347.0,141.0,402.0,422.0,132.0,397.0,55.0,399.0,141.0,11.0,418.0,0.0,111.0,267.0,419.0,0.0,418.0,220.0,24.0,74.0,139.0
0,1.0,80.0,13.0,0.0,0.0,0.0,9.0,7.0,0.0,1.0,6.0,0.0,1.0,0.19047619,0.002164502,0.102409639,0.2,1.0,0.0,6.0,7.0,2.0,3.065496278,0.0,0.0,0.0,0.0,2.0,6.0,166.0,2.972141,421.0,393.0,415.0,252.0,56.0,402.0,419.0,347.0,141.0,279.0,421.0,132.0,410.0,55.0,375.0,141.0,11.0,421.0,0.0,111.0,402.0,341.0,0.0,372.0,271.0,24.0,75.0,193.0
0,2.0,0.0,0.0,0.0,0.0,0.0,1.0,0.0,0.0,1.0,1.0,1.0,1.0,0.193740686,0.002980626,0.145695364,0.6,1.0,0.0,5.0,0.0,1.0,3.366629682,0.0,1.0,0.0,1.0,1.0,1.0,302.0,0.0,408.0,393.0,401.0,193.0,38.0,334.0,402.0,289.0,125.0,393.0,408.0,68.0,365.0,36.0,313.0,124.0,10.0,404.0,0.0,87.0,371.0,398.0,169.0,375.0,277.0,21.0,57.0,360.0
0,1.0,18.0,0.0,0.0,0.0,0.0,1.0,1.0,0.0,0.0,1.0,0.0,0.0,0.193452381,0.00297619,0.246575342,0.0,1.0,0.0,6.0,2.0,1.0,7.096582081,0.0,1.0,0.0,0.0,1.0,1.0,292.0,0.0,407.0,405.0,406.0,193.0,38.0,332.0,405.0,289.0,125.0,270.0,407.0,68.0,397.0,36.0,347.0,124.0,10.0,405.0,0.0,87.0,115.0,369.0,349.0,388.0,164.0,21.0,57.0,50.0
0,1.0,0.0,0.0,0.0,0.0,0.0,1.0,0.0,0.0,1.0,1.0,0.0,1.0,0.193164933,0.002971768,0.245733788,0.0,1.0,0.0,6.0,1.0,1.0,3.338101163,0.0,0.0,0.0,0.0,1.0,1.0,293.0,0.0,408.0,395.0,392.0,193.0,38.0,332.0,386.0,289.0,123.0,361.0,408.0,68.0,373.0,36.0,406.0,124.0,10.0,403.0,0.0,87.0,299.0,391.0,202.0,408.0,323.0,21.0,57.0,122.0
0,1.0,0.0,0.0,0.0,0.0,0.0,1.0,0.0,0.0,1.0,1.0,0.0,1.0,0.192878338,0.002967359,0.244897959,0.0,1.0,0.0,6.0,1.0,1.0,3.305273233,0.0,0.0,0.0,0.0,1.0,1.0,294.0,0.0,408.0,380.0,406.0,193.0,38.0,332.0,390.0,289.0,125.0,233.0,408.0,68.0,353.0,36.0,384.0,124.0,10.0,390.0,0.0,87.0,307.0,408.0,285.0,405.0,364.0,21.0,57.0,202.0
0,1.0,0.0,0.0,0.0,0.0,0.0,0.0,0.0,0.0,0.0,0.0,1.0,0.0,0.230769231,0.051282051,0.285714286,0.6,1.0,0.0,6.0,3.0,0.0,2.482159239,0.0,0.0,0.0,1.0,0.0,0.0,21.0,0.0,401.0,372.0,393.0,211.0,43.0,157.0,400.0,287.0,166.0,361.0,401.0,74.0,400.0,36.0,381.0,166.0,8.0,401.0,92.0,103.0,156.0,359.0,92.0,376.0,353.0,20.0,58.0,296.0
0,1.0,0.0,0.0,0.0,0.0,0.0,19.0,0.0,0.0,19.0,2.0,1.0,1.0,0.243781095,0.001658375,0.12,0.0,1.0,0.0,5.0,7.0,1.0,2.684485267,0.0,0.0,0.0,0.0,17.0,19.0,50.0,4.2479277,445.0,443.0,438.0,263.0,62.0,433.0,439.0,359.0,139.0,422.0,445.0,147.0,389.0,63.0,340.0,138.0,12.0,443.0,384.0,123.0,439.0,441.0,384.0,423.0,439.0,25.0,75.0,422.0
0,1.0,0.0,0.0,0.0,0.0,0.0,19.0,0.0,0.0,19.0,2.0,0.0,1.0,0.243579122,0.001657001,0.117647059,0.0,1.0,0.0,5.0,7.0,1.0,2.683142039,0.0,0.0,0.0,0.0,17.0,19.0,51.0,4.2479277,446.0,444.0,436.0,263.0,62.0,433.0,442.0,359.0,140.0,372.0,446.0,147.0,406.0,63.0,439.0,140.0,12.0,444.0,175.0,123.0,423.0,439.0,175.0,446.0,423.0,25.0,75.0,349.0
1,1.0,0.0,0.0,0.0,0.0,0.0,19.0,0.0,0.0,19.0,1.0,0.0,1.0,0.243377483,0.001655629,0.115384615,0.0,1.0,0.0,5.0,7.0,1.0,2.836697305,0.0,0.0,0.0,0.0,17.0,19.0,52.0,4.2479277,446.0,443.0,441.0,263.0,62.0,433.0,447.0,359.0,140.0,357.0,447.0,147.0,414.0,63.0,411.0,140.0,12.0,446.0,168.0,123.0,295.0,313.0,168.0,439.0,328.0,25.0,75.0,357.0
1,1.0,668.0,97.0,0.0,12.0,0.0,8.0,13.0,0.0,4.0,7.0,0.0,0.0,0.244003309,0.00165426,0.576923077,1.0,1.0,1.0,5.0,1.0,4.0,5.006595611,0.0,0.0,0.0,0.0,4.0,8.0,156.0,3.6988168,448.0,429.0,445.0,264.0,64.0,440.0,448.0,359.0,137.0,393.0,448.0,147.0,422.0,63.0,432.0,136.0,12.0,444.0,117.0,123.0,355.0,431.0,117.0,430.0,187.0,26.0,75.0,393.0
0,1.0,1118.0,475.0,0.0,3.0,2.0,86.0,65.0,0.0,1.0,18.0,1.0,1.0,0.291666667,0.041666667,0.36,0.6,1.0,1.0,5.0,7.0,2.0,7.161622003,0.0,0.0,0.0,0.0,12.0,50.0,25.0,5.484509,405.0,397.0,404.0,213.0,44.0,291.0,396.0,282.0,163.0,405.0,405.0,74.0,401.0,36.0,393.0,165.0,8.0,405.0,369.0,103.0,249.0,376.0,369.0,389.0,382.0,20.0,57.0,398.0
0,1.0,613.0,4.0,0.0,0.0,0.0,27.0,22.0,0.0,4.0,7.0,0.0,1.0,0.285714286,0.040816327,0.346153846,0.6,1.0,0.0,5.0,7.0,3.0,7.028201432,0.0,0.0,0.0,0.0,8.0,16.0,26.0,4.153416,403.0,384.0,396.0,213.0,43.0,312.0,387.0,282.0,165.0,317.0,405.0,74.0,393.0,36.0,390.0,165.0,8.0,403.0,17.0,103.0,307.0,382.0,17.0,356.0,383.0,20.0,57.0,333.0
1,1.0,215.0,95.0,0.0,0.0,0.0,14.0,8.0,0.0,1.0,7.0,0.0,1.0,0.28,0.04,0.333333333,0.6,1.0,0.0,5.0,7.0,2.0,6.910529206,0.0,0.0,0.0,0.0,4.0,10.0,27.0,2.6093428,404.0,396.0,395.0,213.0,43.0,314.0,401.0,281.0,165.0,364.0,404.0,74.0,398.0,36.0,405.0,163.0,8.0,404.0,37.0,103.0,391.0,403.0,37.0,404.0,396.0,20.0,57.0,396.0
1,1.0,5.0,29.0,0.0,0.0,0.0,7.0,2.0,0.0,1.0,3.0,0.0,1.0,0.294117647,0.039215686,0.357142857,0.6,1.0,1.0,5.0,7.0,2.0,6.805279487,0.0,0.0,0.0,0.0,1.0,7.0,28.0,1.9081357,405.0,384.0,398.0,213.0,43.0,316.0,400.0,281.0,165.0,304.0,405.0,74.0,395.0,36.0,403.0,165.0,8.0,395.0,86.0,103.0,245.0,405.0,86.0,400.0,379.0,20.0,57.0,304.0
1,4.0,10.0,19.0,0.0,0.0,0.0,3.0,1.0,0.0,0.0,3.0,0.0,0.0,0.307692308,0.038461538,0.217391304,0.0,1.0,1.0,6.0,0.0,1.0,4.777847513,0.0,1.0,0.0,1.0,2.0,3.0,23.0,1.2474241,405.0,402.0,398.0,213.0,43.0,317.0,402.0,281.0,164.0,333.0,405.0,74.0,388.0,36.0,406.0,162.0,8.0,401.0,227.0,103.0,402.0,378.0,227.0,405.0,331.0,20.0,57.0,317.0
0,1.0,0.0,76.0,0.0,0.0,0.0,2.0,0.0,0.0,0.0,1.0,0.0,1.0,0.320754717,0.037735849,0.25,0.0,1.0,1.0,6.0,2.0,1.0,2.831000718,0.0,1.0,0.0,0.0,1.0,2.0,24.0,0.7166337,406.0,406.0,404.0,213.0,43.0,312.0,403.0,281.0,164.0,378.0,406.0,74.0,405.0,36.0,403.0,164.0,8.0,403.0,347.0,103.0,343.0,398.0,347.0,405.0,347.0,20.0,57.0,378.0
0,2.0,88.0,23.0,0.0,0.0,0.0,19.0,14.0,0.0,0.0,8.0,0.0,1.0,0.314814815,0.037037037,0.24,0.0,1.0,0.0,6.0,0.0,1.0,3.510319442,0.0,0.0,0.0,0.0,2.0,8.0,25.0,3.3580728,405.0,395.0,406.0,213.0,43.0,309.0,405.0,281.0,165.0,316.0,405.0,74.0,404.0,36.0,342.0,164.0,8.0,405.0,358.0,103.0,227.0,380.0,358.0,405.0,394.0,20.0,57.0,369.0
1,3.0,324.0,100.0,0.0,0.0,0.0,13.0,9.0,0.0,1.0,7.0,0.0,1.0,0.309090909,0.036363636,0.230769231,0.0,1.0,0.0,6.0,0.0,2.0,9.383472754,0.0,2.0,0.0,0.0,3.0,8.0,26.0,2.6349387,406.0,403.0,393.0,213.0,43.0,309.0,400.0,281.0,165.0,406.0,406.0,74.0,403.0,36.0,367.0,163.0,8.0,403.0,190.0,103.0,399.0,406.0,190.0,406.0,190.0,20.0,57.0,325.0
1,1.0,0.0,0.0,0.0,0.0,0.0,0.0,0.0,0.0,0.0,0.0,0.0,0.0,0.321428571,0.035714286,0.379310345,0.6,1.0,1.0,6.0,3.0,0.0,6.121506013,0.0,0.0,0.0,1.0,0.0,0.0,29.0,0.0,406.0,390.0,398.0,213.0,43.0,303.0,406.0,281.0,165.0,349.0,406.0,74.0,405.0,36.0,385.0,158.0,8.0,405.0,118.0,103.0,309.0,399.0,118.0,405.0,274.0,20.0,58.0,349.0
1,2.0,738.0,69.0,0.0,7.0,0.0,7.0,12.0,0.0,1.0,2.0,1.0,1.0,0.245513866,0.001631321,0.567073171,1.0,1.0,0.0,6.0,0.0,2.0,5.82885856,0.0,0.0,0.0,1.0,3.0,5.0,164.0,3.2600553,448.0,439.0,442.0,265.0,65.0,439.0,448.0,363.0,141.0,240.0,448.0,147.0,415.0,63.0,377.0,141.0,12.0,448.0,176.0,123.0,447.0,446.0,176.0,434.0,355.0,26.0,78.0,240.0
0,1.0,0.0,2934.0,0.0,0.0,0.0,19.0,0.0,0.0,0.0,7.0,1.0,1.0,0.194244604,0.002877698,0.113924051,0.2,1.0,0.0,6.0,4.0,1.0,2.909317122,0.0,0.0,0.0,0.0,1.0,8.0,79.0,2.934498,408.0,400.0,409.0,196.0,38.0,330.0,377.0,295.0,126.0,384.0,408.0,73.0,351.0,39.0,392.0,126.0,10.0,408.0,0.0,90.0,386.0,388.0,124.0,385.0,180.0,21.0,60.0,110.0
0,1.0,0.0,6.0,0.0,0.0,0.0,1.0,0.0,0.0,0.0,1.0,0.0,1.0,0.193965517,0.002873563,0.1125,0.2,1.0,0.0,6.0,1.0,1.0,2.211891576,0.0,0.0,0.0,0.0,1.0,1.0,80.0,0.0,409.0,376.0,400.0,196.0,38.0,330.0,409.0,295.0,125.0,228.0,409.0,73.0,368.0,39.0,409.0,125.0,10.0,409.0,0.0,90.0,363.0,402.0,22.0,403.0,37.0,21.0,60.0,105.0
0,3.0,0.0,27.0,0.0,0.0,0.0,6.0,0.0,0.0,3.0,4.0,0.0,1.0,0.193687231,0.00286944,0.111111111,0.2,1.0,0.0,6.0,0.0,2.0,4.700427422,0.0,0.0,0.0,0.0,2.0,3.0,81.0,2.062383,409.0,409.0,405.0,196.0,38.0,330.0,407.0,295.0,126.0,380.0,409.0,73.0,389.0,39.0,377.0,126.0,10.0,409.0,0.0,90.0,194.0,386.0,236.0,403.0,41.0,21.0,60.0,380.0
0,1.0,39.0,329.0,0.0,0.0,0.0,38.0,6.0,0.0,1.0,18.0,0.0,1.0,0.193409742,0.00286533,0.109756098,0.2,1.0,0.0,6.0,4.0,2.0,2.887404214,0.0,0.0,0.0,0.0,1.0,11.0,82.0,1.4748117,409.0,406.0,407.0,196.0,38.0,316.0,406.0,293.0,123.0,358.0,409.0,73.0,398.0,39.0,354.0,124.0,10.0,409.0,0.0,90.0,392.0,402.0,304.0,397.0,39.0,21.0,60.0,194.0
0,1.0,0.0,177.0,0.0,0.0,0.0,7.0,0.0,0.0,0.0,5.0,0.0,1.0,0.193133047,0.00286123,0.108433735,0.2,1.0,0.0,6.0,1.0,1.0,2.880944075,0.0,0.0,0.0,0.0,1.0,6.0,83.0,2.366592,409.0,400.0,403.0,196.0,38.0,323.0,400.0,293.0,123.0,379.0,409.0,73.0,332.0,39.0,398.0,125.0,10.0,409.0,0.0,90.0,184.0,370.0,54.0,395.0,97.0,21.0,60.0,379.0
0,1.0,39.0,35.0,0.0,0.0,0.0,2.0,1.0,0.0,0.0,2.0,0.0,1.0,0.192857143,0.002857143,0.107142857,0.2,1.0,0.0,6.0,2.0,1.0,7.917216193,0.0,1.0,0.0,0.0,1.0,2.0,84.0,0.9978913,409.0,408.0,406.0,196.0,38.0,323.0,409.0,293.0,126.0,266.0,409.0,73.0,383.0,39.0,385.0,126.0,10.0,409.0,0.0,90.0,244.0,375.0,151.0,351.0,295.0,21.0,60.0,266.0
1,1.0,227.0,2.0,0.0,0.0,4.0,8.0,11.0,0.0,0.0,8.0,1.0,1.0,0.294871795,0.025641026,0.351351351,0.6,1.0,0.0,5.0,4.0,1.0,4.275783896,0.0,0.0,0.0,0.0,6.0,11.0,37.0,3.0000029,401.0,373.0,402.0,231.0,46.0,177.0,390.0,284.0,163.0,400.0,406.0,80.0,390.0,39.0,381.0,165.0,8.0,390.0,368.0,117.0,301.0,394.0,368.0,390.0,368.0,21.0,57.0,400.0
1,1.0,42.0,113.0,0.0,1.0,1.0,19.0,1.0,0.0,0.0,14.0,0.0,1.0,0.303797468,0.025316456,0.368421053,0.6,1.0,1.0,5.0,4.0,1.0,3.632136517,0.0,0.0,0.0,0.0,4.0,8.0,38.0,3.423252,405.0,383.0,392.0,231.0,46.0,167.0,399.0,284.0,164.0,239.0,405.0,80.0,404.0,39.0,404.0,162.0,8.0,405.0,158.0,117.0,382.0,396.0,158.0,403.0,372.0,21.0,57.0,326.0
1,1.0,0.0,1.0,0.0,0.0,0.0,4.0,0.0,0.0,3.0,4.0,0.0,0.0,0.3125,0.025,0.243902439,0.0,1.0,1.0,5.0,7.0,2.0,3.271800008,0.0,0.0,0.0,0.0,3.0,4.0,41.0,2.0,404.0,393.0,405.0,231.0,46.0,167.0,399.0,284.0,163.0,389.0,404.0,80.0,399.0,39.0,373.0,164.0,8.0,399.0,221.0,117.0,329.0,379.0,221.0,397.0,320.0,21.0,57.0,320.0
0,1.0,0.0,113.0,0.0,0.0,0.0,3.0,0.0,0.0,0.0,3.0,0.0,0.0,0.320987654,0.024691358,0.384615385,0.6,1.0,1.0,5.0,1.0,1.0,4.314204512,0.0,0.0,0.0,0.0,1.0,2.0,39.0,1.0265759,404.0,383.0,405.0,231.0,46.0,194.0,390.0,284.0,166.0,370.0,404.0,80.0,399.0,39.0,332.0,166.0,8.0,404.0,258.0,117.0,326.0,401.0,258.0,404.0,258.0,21.0,57.0,370.0
0,2.0,0.0,985.0,0.0,2.0,3.0,5.0,0.0,0.0,2.0,4.0,0.0,0.0,0.317073171,0.024390244,0.261904762,0.0,1.0,0.0,6.0,0.0,2.0,3.717870768,0.0,1.0,0.0,0.0,3.0,5.0,42.0,2.6800373,405.0,382.0,402.0,231.0,46.0,193.0,405.0,284.0,166.0,310.0,405.0,80.0,404.0,39.0,403.0,161.0,8.0,405.0,295.0,117.0,389.0,372.0,295.0,405.0,313.0,21.0,57.0,310.0
0,1.0,114.0,0.0,0.0,1.0,0.0,1.0,2.0,0.0,0.0,1.0,0.0,1.0,0.313253012,0.024096386,0.255813953,0.0,1.0,0.0,6.0,7.0,1.0,4.580534486,0.0,0.0,0.0,0.0,1.0,1.0,43.0,0.3329913,405.0,380.0,394.0,231.0,46.0,193.0,403.0,285.0,165.0,371.0,405.0,80.0,404.0,39.0,402.0,165.0,8.0,403.0,68.0,117.0,283.0,405.0,68.0,386.0,265.0,21.0,57.0,371.0
0,1.0,10.0,60.0,0.0,0.0,0.0,3.0,1.0,0.0,0.0,2.0,0.0,1.0,0.30952381,0.023809524,0.25,0.0,1.0,0.0,6.0,2.0,1.0,4.36493904,0.0,1.0,0.0,0.0,1.0,3.0,44.0,1.4148405,404.0,402.0,400.0,231.0,46.0,193.0,399.0,285.0,167.0,397.0,404.0,80.0,390.0,39.0,399.0,167.0,8.0,404.0,294.0,117.0,320.0,401.0,294.0,391.0,309.0,21.0,57.0,397.0
0,1.0,0.0,16.0,0.0,0.0,0.0,1.0,0.0,0.0,0.0,1.0,0.0,1.0,0.305882353,0.023529412,0.244444444,0.0,1.0,0.0,6.0,7.0,1.0,3.521206471,0.0,0.0,0.0,0.0,1.0,1.0,45.0,0.0,404.0,403.0,385.0,231.0,46.0,192.0,403.0,285.0,167.0,395.0,404.0,80.0,388.0,39.0,405.0,167.0,8.0,398.0,121.0,117.0,320.0,394.0,121.0,404.0,270.0,21.0,57.0,395.0
0,1.0,0.0,0.0,0.0,0.0,0.0,0.0,0.0,0.0,0.0,0.0,0.0,0.0,0.302325581,0.023255814,0.375,0.6,1.0,0.0,6.0,4.0,0.0,7.552037142,0.0,0.0,0.0,1.0,0.0,0.0,40.0,0.0,405.0,384.0,387.0,231.0,46.0,192.0,404.0,285.0,167.0,403.0,405.0,80.0,404.0,39.0,376.0,166.0,8.0,404.0,187.0,117.0,219.0,402.0,187.0,402.0,371.0,21.0,57.0,403.0
1,1.0,0.0,47.0,0.0,1.0,0.0,4.0,0.0,0.0,0.0,1.0,0.0,0.0,0.298850575,0.022988506,0.239130435,0.0,1.0,0.0,6.0,2.0,1.0,2.423390621,0.0,1.0,0.0,0.0,1.0,3.0,46.0,1.8833095,406.0,383.0,404.0,231.0,46.0,168.0,402.0,284.0,164.0,316.0,406.0,80.0,402.0,39.0,378.0,164.0,8.0,406.0,306.0,117.0,181.0,399.0,306.0,403.0,361.0,21.0,57.0,316.0
1,1.0,0.0,0.0,0.0,0.0,0.0,0.0,0.0,0.0,0.0,0.0,0.0,1.0,0.306818182,0.022727273,0.255319149,0.0,1.0,1.0,6.0,4.0,0.0,4.508269453,0.0,0.0,0.0,1.0,0.0,0.0,47.0,0.0,401.0,401.0,403.0,231.0,46.0,167.0,394.0,285.0,165.0,286.0,405.0,80.0,365.0,39.0,390.0,161.0,8.0,394.0,319.0,117.0,366.0,391.0,319.0,375.0,319.0,21.0,57.0,283.0
0,1.0,0.0,7.0,0.0,0.0,0.0,1.0,0.0,0.0,0.0,1.0,0.0,1.0,0.314606742,0.02247191,0.270833333,0.0,1.0,1.0,6.0,1.0,1.0,2.99788193,0.0,0.0,0.0,0.0,1.0,1.0,48.0,0.0,401.0,359.0,396.0,231.0,46.0,166.0,401.0,285.0,165.0,396.0,404.0,80.0,393.0,39.0,403.0,162.0,8.0,401.0,36.0,117.0,336.0,399.0,36.0,393.0,352.0,21.0,57.0,396.0
1,2.0,145.0,3.0,0.0,1.0,0.0,2.0,2.0,0.0,0.0,2.0,1.0,1.0,0.250405186,0.001620746,0.584795322,1.0,1.0,1.0,6.0,0.0,1.0,4.867012056,0.0,1.0,0.0,0.0,2.0,2.0,171.0,1.0709238,452.0,451.0,448.0,269.0,69.0,436.0,449.0,363.0,145.0,200.0,452.0,147.0,433.0,63.0,430.0,145.0,12.0,452.0,429.0,125.0,428.0,450.0,429.0,452.0,406.0,26.0,78.0,171.0
1,1.0,2.0,0.0,0.0,0.0,0.0,1.0,1.0,0.0,0.0,1.0,0.0,1.0,0.251012146,0.001619433,0.587209302,1.0,1.0,1.0,6.0,1.0,1.0,4.513341628,0.0,0.0,0.0,0.0,1.0,1.0,172.0,0.0,451.0,438.0,448.0,268.0,69.0,436.0,449.0,363.0,144.0,290.0,453.0,147.0,449.0,63.0,394.0,144.0,12.0,449.0,171.0,125.0,439.0,443.0,171.0,451.0,367.0,26.0,78.0,290.0
0,1.0,211.0,4.0,0.0,0.0,0.0,5.0,4.0,0.0,0.0,4.0,1.0,0.0,0.188547486,0.002793296,0.094736842,0.2,1.0,0.0,5.0,7.0,1.0,4.314337534,0.0,0.0,0.0,0.0,1.0,4.0,95.0,1.5676726,409.0,409.0,407.0,196.0,38.0,315.0,409.0,294.0,126.0,366.0,409.0,73.0,408.0,39.0,404.0,126.0,10.0,409.0,0.0,90.0,383.0,396.0,50.0,401.0,330.0,21.0,61.0,366.0
